origem,ensaio,grupo,cp,medicao,data_hora,t,massa,Comp_Long,Comp_Tang,Comp_Rad,estufa,Volume,Densidade_Aparente,U_pct,Tempo_Ultrassom_Long,Tempo_Ultrassom_Tang,Tempo_Ultrassom_Rad,VLL_Long,VLL_Tang,VLL_Rad,CLL,CRR,CTT,EL,ER,ET
Controle CP's A-D (Compressão),Compressão,A,7,1,6/13/25 16:30,"0,00","21,47","75,90","25,32","25,30",0,"48621,2364","441,5765947",,,,,,,,,,,,,
Controle CP's A-D (Compressão),Compressão,A,7,2,6/16/25 9:30,"65,00","21,78","75,89","25,37","25,38",0,"48864,85763","445,7190925",,,,,,,,,,,,,
Controle CP's A-D (Compressão),Compressão,A,7,3,6/16/25 16:30,"72,00","21,10","75,95","25,21","25,23",0,"48307,86839","436,7818475",,,,,,,,,,,,,
Controle CP's A-D (Compressão),Compressão,A,7,4,6/17/25 9:30,"89,00","20,41","75,87","24,94","25,01",0,"47323,86698","431,2834369",,,,,,,,,,,,,
Controle CP's A-D (Compressão),Compressão,A,7,5,6/17/25 16:30,"96,00","20,28","75,87","24,95","25,01",0,"47342,84207","428,3646506",,,,,,,,,,,,,
Controle CP's A-D (Compressão),Compressão,A,7,6,6/18/25 16:30,"120,00","20,05","75,85","24,90","25,01",0,"47235,51165","424,4687799",,,,,,,,,,,,,
Controle CP's A-D (Compressão),Compressão,A,7,7,6/19/25 16:30,"144,00","19,98","75,87","24,84","24,88",0,"46889,1167","426,1116738",,,,,,,,,,,,,
Controle CP's A-D (Compressão),Compressão,A,7,8,6/20/25 16:30,"168,00","19,78","75,85","24,77","24,80",0,"46594,3516","424,5149749",,,,,,,,,,,,,
Controle CP's A-D (Compressão),Compressão,A,7,9,6/21/25 16:30,"192,00","19,88","75,86","24,77","24,81",0,"46619,28508","426,4329658",,,,,,,,,,,,,
Controle CP's A-D (Compressão),Compressão,A,7,10,6/22/25 16:30,"216,00","20,08",,,,1,,,,,,,,,,,,,,,
Controle CP's A-D (Compressão),Compressão,A,7,11,6/23/25 16:30,"240,00","18,61",,,,1,,,,,,,,,,,,,,,
Controle CP's A-D (Compressão),Compressão,A,7,12,6/24/25 16:30,"264,00","18,63",,,,1,,,,,,,,,,,,,,,
Controle CP's A-D (Compressão),Compressão,A,7,13,6/25/25 16:30,"288,00","18,58",,,,1,,,,,,,,,,,,,,,
Controle CP's A-D (Compressão),Compressão,A,8,1,6/13/25 16:30,"0,00","23,46","75,12","24,96","24,84",0,"46574,88077","503,7049932",,,,,,,,,,,,,
Controle CP's A-D (Compressão),Compressão,A,8,2,6/16/25 9:30,"65,00","23,87","75,16","25,02","24,90",0,"46824,52968","509,7755421",,,,,,,,,,,,,
Controle CP's A-D (Compressão),Compressão,A,8,3,6/16/25 16:30,"72,00","23,23","75,08","24,88","24,80",0,"46326,16192","501,4445194",,,,,,,,,,,,,
Controle CP's A-D (Compressão),Compressão,A,8,4,6/17/25 9:30,"89,00","22,46","75,04","24,75","24,68",0,"45836,6832","490,0005505",,,,,,,,,,,,,
Controle CP's A-D (Compressão),Compressão,A,8,5,6/17/25 16:30,"96,00","22,36","75,06","24,70","24,66",0,"45719,19612","489,0724662",,,,,,,,,,,,,
Controle CP's A-D (Compressão),Compressão,A,8,6,6/18/25 16:30,"120,00","22,10","75,00","24,57","24,60",0,"45331,65","487,5181027",,,,,,,,,,,,,
Controle CP's A-D (Compressão),Compressão,A,8,7,6/19/25 16:30,"144,00","22,03","75,00","24,54","24,58",0,"45239,49","486,9639335",,,,,,,,,,,,,
Controle CP's A-D (Compressão),Compressão,A,8,8,6/20/25 16:30,"168,00","21,78","74,99","24,55","24,56",0,"45215,07052","481,6978001",,,,,,,,,,,,,
Controle CP's A-D (Compressão),Compressão,A,8,9,6/21/25 16:30,"192,00","21,89","74,97","24,57","24,57",0,"45258,25695","483,6686491",,,,,,,,,,,,,
Controle CP's A-D (Compressão),Compressão,A,8,10,6/22/25 16:30,"216,00","22,14",,,,1,,,,,,,,,,,,,,,
Controle CP's A-D (Compressão),Compressão,A,8,11,6/23/25 16:30,"240,00","20,51",,,,1,,,,,,,,,,,,,,,
Controle CP's A-D (Compressão),Compressão,A,8,12,6/24/25 16:30,"264,00","20,53",,,,1,,,,,,,,,,,,,,,
Controle CP's A-D (Compressão),Compressão,A,8,13,6/25/25 16:30,"288,00","20,51",,,,1,,,,,,,,,,,,,,,
Controle CP's A-D (Compressão),Compressão,A,9,1,6/13/25 16:30,"0,00","14,90","75,58","24,03","24,12",0,"43806,44009","340,1326373",,,,,,,,,,,,,
Controle CP's A-D (Compressão),Compressão,A,9,2,6/16/25 9:30,"65,00","15,23","75,76","24,15","24,20",0,"44276,4168","343,9754411",,,,,,,,,,,,,
Controle CP's A-D (Compressão),Compressão,A,9,3,6/16/25 16:30,"72,00","14,70","75,69","24,03","24,06",0,"43761,06664","335,9150297",,,,,,,,,,,,,
Controle CP's A-D (Compressão),Compressão,A,9,4,6/17/25 9:30,"89,00","14,23","75,68","23,76","23,96",0,"43083,83693","330,2862747",,,,,,,,,,,,,
Controle CP's A-D (Compressão),Compressão,A,9,5,6/17/25 16:30,"96,00","14,16","75,66","23,71","23,98",0,"43017,68843","329,1669199",,,,,,,,,,,,,
Controle CP's A-D (Compressão),Compressão,A,9,6,6/18/25 16:30,"120,00","14,04","75,64","23,65","23,93",0,"42808,04198","327,9757576",,,,,,,,,,,,,
Controle CP's A-D (Compressão),Compressão,A,9,7,6/19/25 16:30,"144,00","14,08","75,61","23,60","23,93",0,"42700,59628","329,7377842",,,,,,,,,,,,,
Controle CP's A-D (Compressão),Compressão,A,9,8,6/20/25 16:30,"168,00","13,93","75,62","23,54","23,89",0,"42526,46477","327,5607336",,,,,,,,,,,,,
Controle CP's A-D (Compressão),Compressão,A,9,9,6/21/25 16:30,"192,00","14,05","75,62","23,56","23,90",0,"42580,41208","329,9639274",,,,,,,,,,,,,
Controle CP's A-D (Compressão),Compressão,A,9,11,6/23/25 16:30,"240,00","14,22",,,,1,,,,,,,,,,,,,,,
Controle CP's A-D (Compressão),Compressão,A,9,12,6/24/25 16:30,"264,00","13,13",,,,1,,,,,,,,,,,,,,,
Controle CP's A-D (Compressão),Compressão,A,9,13,6/25/25 16:30,"288,00","13,08",,,,1,,,,,,,,,,,,,,,
Controle CP's A-D (Compressão),Compressão,A,9,14,6/26/25 16:30,"312,00","13,08",,,,1,,,,,,,,,,,,,,,
Controle CP's A-D (Compressão),Compressão,A,10,1,6/13/25 16:30,"0,00","17,37","76,00","23,94","24,10",0,"43848,504","396,1366618",,,,,,,,,,,,,
Controle CP's A-D (Compressão),Compressão,A,10,2,6/16/25 9:30,"65,00","17,70","76,06","24,08","24,17",0,"44267,95442","399,837766",,,,,,,,,,,,,
Controle CP's A-D (Compressão),Compressão,A,10,3,6/16/25 16:30,"72,00","17,08","75,96","23,80","23,94",0,"43279,88112","394,6406404",,,,,,,,,,,,,
Controle CP's A-D (Compressão),Compressão,A,10,4,6/17/25 9:30,"89,00","16,43","75,84","23,68","23,78",0,"42706,29274","384,7208209",,,,,,,,,,,,,
Controle CP's A-D (Compressão),Compressão,A,10,5,6/17/25 16:30,"96,00","16,33","75,83","23,66","23,79",0,"42682,53826","382,5920544",,,,,,,,,,,,,
Controle CP's A-D (Compressão),Compressão,A,10,6,6/18/25 16:30,"120,00","16,16","75,85","23,59","23,69",0,"42388,55254","381,2350041",,,,,,,,,,,,,
Controle CP's A-D (Compressão),Compressão,A,10,7,6/19/25 16:30,"144,00","16,20","75,86","23,58","23,71",0,"42411,94535","381,9678599",,,,,,,,,,,,,
Controle CP's A-D (Compressão),Compressão,A,10,8,6/20/25 16:30,"168,00","16,03","75,84","23,56","23,70",0,"42346,93248","378,5398153",,,,,,,,,,,,,
Controle CP's A-D (Compressão),Compressão,A,10,9,6/21/25 16:30,"192,00","16,13","75,85","23,57","23,68",0,"42334,73696","381,010989",,,,,,,,,,,,,
Controle CP's A-D (Compressão),Compressão,A,10,11,6/23/25 16:30,"240,00","16,33",,,,1,,,,,,,,,,,,,,,
Controle CP's A-D (Compressão),Compressão,A,10,12,6/24/25 16:30,"264,00","15,14",,,,1,,,,,,,,,,,,,,,
Controle CP's A-D (Compressão),Compressão,A,10,13,6/25/25 16:30,"288,00","15,07",,,,1,,,,,,,,,,,,,,,
Controle CP's A-D (Compressão),Compressão,A,10,14,6/26/25 16:30,"312,00","15,09",,,,1,,,,,,,,,,,,,,,
Controle CP's A-D (Compressão),Compressão,A,11,1,6/13/25 16:30,"0,00","27,23","75,92","24,99","24,80",0,"47051,57184","578,7266809",,,,,,,,,,,,,
Controle CP's A-D (Compressão),Compressão,A,11,2,6/16/25 9:30,"65,00","27,71","75,97","24,91","25,00",0,"47310,3175","585,7073354",,,,,,,,,,,,,
Controle CP's A-D (Compressão),Compressão,A,11,3,6/16/25 16:30,"72,00","27,11","75,93","24,91","24,77",0,"46850,38175","578,6505678",,,,,,,,,,,,,
Controle CP's A-D (Compressão),Compressão,A,11,4,6/17/25 9:30,"89,00","26,28","75,92","24,69","24,58",0,"46074,34478","570,3825008",,,,,,,,,,,,,
Controle CP's A-D (Compressão),Compressão,A,11,5,6/17/25 16:30,"96,00","26,13","75,90","24,68","24,56",0,"46006,08672","567,9683247",,,,,,,,,,,,,
Controle CP's A-D (Compressão),Compressão,A,11,6,6/18/25 16:30,"120,00","25,82","75,91","24,54","24,41",0,"45471,71447","567,8255218",,,,,,,,,,,,,
Controle CP's A-D (Compressão),Compressão,A,11,7,6/19/25 16:30,"144,00","25,64","75,93","24,47","24,33",0,"45205,31274","567,1899705",,,,,,,,,,,,,
Controle CP's A-D (Compressão),Compressão,A,11,8,6/20/25 16:30,"168,00","25,35","75,95","24,40","24,26",0,"44958,1468","563,8577611",,,,,,,,,,,,,
Controle CP's A-D (Compressão),Compressão,A,11,9,6/21/25 16:30,"192,00","25,47","75,93","24,42","24,27",0,"45001,69126","565,9787285",,,,,,,,,,,,,
Controle CP's A-D (Compressão),Compressão,A,11,11,6/23/25 16:30,"240,00","25,74",,,,1,,,,,,,,,,,,,,,
Controle CP's A-D (Compressão),Compressão,A,11,12,6/24/25 16:30,"264,00","23,87",,,,1,,,,,,,,,,,,,,,
Controle CP's A-D (Compressão),Compressão,A,11,13,6/25/25 16:30,"288,00","23,81",,,,1,,,,,,,,,,,,,,,
Controle CP's A-D (Compressão),Compressão,A,11,14,6/26/25 16:30,"312,00","23,82",,,,1,,,,,,,,,,,,,,,
Controle CP's A-D (Compressão),Compressão,A,12,1,6/13/25 16:30,"0,00","20,61","74,67","25,35","25,04",0,"47397,82788","434,8300528",,,,,,,,,,,,,
Controle CP's A-D (Compressão),Compressão,A,12,2,6/16/25 9:30,"65,00","21,03","74,73","25,16","25,28",0,"47531,6279","442,4422417",,,,,,,,,,,,,
Controle CP's A-D (Compressão),Compressão,A,12,3,6/16/25 16:30,"72,00","20,39","74,63","25,02","25,28",0,"47203,89293","431,9558989",,,,,,,,,,,,,
Controle CP's A-D (Compressão),Compressão,A,12,4,6/17/25 9:30,"89,00","19,71","74,66","25,24","24,83",0,"46790,10887","421,2428754",,,,,,,,,,,,,
Controle CP's A-D (Compressão),Compressão,A,12,5,6/17/25 16:30,"96,00","19,57","74,60","25,19","24,81",0,"46622,30694","419,7561486",,,,,,,,,,,,,
Controle CP's A-D (Compressão),Compressão,A,12,6,6/18/25 16:30,"120,00","19,35","74,57","25,14","24,64",0,"46192,35667","418,9004717",,,,,,,,,,,,,
Controle CP's A-D (Compressão),Compressão,A,12,7,6/19/25 16:30,"144,00","19,32","74,58","25,14","24,61",0,"46142,30293","418,7047194",,,,,,,,,,,,,
Controle CP's A-D (Compressão),Compressão,A,12,8,6/20/25 16:30,"168,00","19,10","74,59","25,06","24,61",0,"46001,63709","415,2026147",,,,,,,,,,,,,
Controle CP's A-D (Compressão),Compressão,A,12,9,6/21/25 16:30,"192,00","19,21","74,60","25,08","24,59",0,"46007,10312","417,5442203",,,,,,,,,,,,,
Controle CP's A-D (Compressão),Compressão,A,12,10,6/22/25 16:30,"216,00","19,45",,,,1,,,,,,,,,,,,,,,
Controle CP's A-D (Compressão),Compressão,A,12,11,6/23/25 16:30,"240,00","17,98",,,,1,,,,,,,,,,,,,,,
Controle CP's A-D (Compressão),Compressão,A,12,12,6/24/25 16:30,"264,00","18,04",,,,1,,,,,,,,,,,,,,,
Controle CP's A-D (Compressão),Compressão,A,12,13,6/25/25 16:30,"288,00","17,98",,,,1,,,,,,,,,,,,,,,
Controle CP's B (Compressão),Compressão,B,13,1,6/26/25 0:00,"0,00","17,69","75,52","24,45","23,91",0,"44148,95424","400,6889926",,,,,,,,,,,,,
Controle CP's B (Compressão),Compressão,B,13,2,6/27/25 0:00,"24,00","17,35","75,47","24,37","23,87",0,"43901,79709","395,200223",,,,,,,,,,,,,
Controle CP's B (Compressão),Compressão,B,13,3,6/28/25 0:00,"48,00","17,06","75,33","24,30","23,84",0,"43639,57296","390,9295816",,,,,,,,,,,,,
Controle CP's B (Compressão),Compressão,B,13,4,6/29/25 0:00,"72,00","17,05","75,29","24,32","23,82",0,"43615,6777","390,9144808",,,,,,,,,,,,,
Controle CP's B (Compressão),Compressão,B,13,5,6/30/25 0:00,"96,00","17,00","75,30","24,31","23,81",0,"43585,22883","390,040398",,,,,,,,,,,,,
Controle CP's B (Compressão),Compressão,B,13,6,7/1/25 0:00,"120,00","17,09",,,,1,,,,,,,,,,,,,,,
Controle CP's B (Compressão),Compressão,B,13,7,7/2/25 0:00,"144,00","15,44",,,,1,,,,,,,,,,,,,,,
Controle CP's B (Compressão),Compressão,B,13,8,7/3/25 0:00,"168,00","15,45",,,,1,,,,,,,,,,,,,,,
Controle CP's B (Compressão),Compressão,B,13,9,7/4/25 0:00,"192,00","15,46",,,,1,,,,,,,,,,,,,,,
Controle CP's B (Compressão),Compressão,B,14,1,6/26/25 0:00,"0,00","26,09","75,24","24,21","24,48",0,"44591,79859","585,0851687",,,,,,,,,,,,,
Controle CP's B (Compressão),Compressão,B,14,2,6/27/25 0:00,"24,00","25,69","75,26","24,14","24,38",0,"44293,00863","580,0012416",,,,,,,,,,,,,
Controle CP's B (Compressão),Compressão,B,14,3,6/28/25 0:00,"48,00","25,32","75,27","24,05","24,34",0,"44061,32679","574,6535986",,,,,,,,,,,,,
Controle CP's B (Compressão),Compressão,B,14,4,6/29/25 0:00,"72,00","25,25","75,27","24,04","24,31",0,"43988,72135","574,0107743",,,,,,,,,,,,,
Controle CP's B (Compressão),Compressão,B,14,5,6/30/25 0:00,"96,00","25,19","75,26","24,06","24,30",0,"44001,36108","572,482291",,,,,,,,,,,,,
Controle CP's B (Compressão),Compressão,B,14,6,7/1/25 0:00,"120,00","25,40",,,,1,,,,,,,,,,,,,,,
Controle CP's B (Compressão),Compressão,B,14,7,7/2/25 0:00,"144,00","23,00",,,,1,,,,,,,,,,,,,,,
Controle CP's B (Compressão),Compressão,B,14,8,7/3/25 0:00,"168,00","23,01",,,,1,,,,,,,,,,,,,,,
Controle CP's B (Compressão),Compressão,B,14,9,7/4/25 0:00,"192,00","22,98",,,,1,,,,,,,,,,,,,,,
Controle CP's B (Compressão),Compressão,B,15,1,6/26/25 0:00,"0,00","25,58","75,44","25,25","25,18",0,"47964,3748","533,3124868",,,,,,,,,,,,,
Controle CP's B (Compressão),Compressão,B,15,2,6/27/25 0:00,"24,00","25,18","75,42","25,20","24,95",0,"47419,5708","531,0043844",,,,,,,,,,,,,
Controle CP's B (Compressão),Compressão,B,15,3,6/28/25 0:00,"48,00","18,22","75,41","25,09","24,85",0,"47017,11697","387,5184438",,,,,,,,,,,,,
Controle CP's B (Compressão),Compressão,B,15,4,6/29/25 0:00,"72,00","24,72","75,41","25,08","24,85",0,"46998,37758","525,9756033",,,,,,,,,,,,,
Controle CP's B (Compressão),Compressão,B,15,5,6/30/25 0:00,"96,00","24,65","75,40","25,09","24,85",0,"47010,8821","524,346681",,,,,,,,,,,,,
Controle CP's B (Compressão),Compressão,B,15,6,7/1/25 0:00,"120,00","24,75",,,,1,,,,,,,,,,,,,,,
Controle CP's B (Compressão),Compressão,B,15,7,7/2/25 0:00,"144,00","22,46",,,,1,,,,,,,,,,,,,,,
Controle CP's B (Compressão),Compressão,B,15,8,7/3/25 0:00,"168,00","22,42",,,,1,,,,,,,,,,,,,,,
Controle CP's B (Compressão),Compressão,B,15,9,7/4/25 0:00,"192,00","22,41",,,,1,,,,,,,,,,,,,,,
Controle CP's B (Compressão),Compressão,B,16,1,6/26/25 0:00,"0,00","18,85","75,71","24,22","24,13",0,"44247,08931","426,0167233",,,,,,,,,,,,,
Controle CP's B (Compressão),Compressão,B,16,2,6/27/25 0:00,"24,00","18,51","75,63","24,20","24,05",0,"44017,4163","420,5153677",,,,,,,,,,,,,
Controle CP's B (Compressão),Compressão,B,16,3,6/28/25 0:00,"48,00","17,02","75,55","24,18","24,00",0,"43843,176","388,2018036",,,,,,,,,,,,,
Controle CP's B (Compressão),Compressão,B,16,4,6/29/25 0:00,"72,00","18,20","75,53","24,19","23,98",0,"43813,15539","415,4003481",,,,,,,,,,,,,
Controle CP's B (Compressão),Compressão,B,16,5,6/30/25 0:00,"96,00","18,15","75,52","24,21","23,99",0,"43861,85741","413,7991657",,,,,,,,,,,,,
Controle CP's B (Compressão),Compressão,B,16,6,7/1/25 0:00,"120,00","18,30",,,,1,,,,,,,,,,,,,,,
Controle CP's B (Compressão),Compressão,B,16,7,7/2/25 0:00,"144,00","16,54",,,,1,,,,,,,,,,,,,,,
Controle CP's B (Compressão),Compressão,B,16,8,7/3/25 0:00,"168,00","16,49",,,,1,,,,,,,,,,,,,,,
Controle CP's B (Compressão),Compressão,B,16,9,7/4/25 0:00,"192,00","16,49",,,,1,,,,,,,,,,,,,,,
Controle CP's B (Compressão),Compressão,B,17,1,6/26/25 0:00,"0,00","17,74","76,37","23,89","23,98",0,"43751,01361","405,4763201",,,,,,,,,,,,,
Controle CP's B (Compressão),Compressão,B,17,2,6/27/25 0:00,"24,00","17,33","76,30","23,75","23,98",0,"43454,7575","398,8055853",,,,,,,,,,,,,
Controle CP's B (Compressão),Compressão,B,17,3,6/28/25 0:00,"48,00","17,02","76,32","23,70","23,86",0,"43157,58624","394,3686726",,,,,,,,,,,,,
Controle CP's B (Compressão),Compressão,B,17,4,6/29/25 0:00,"72,00","16,98","76,26","23,67","23,81",0,"42978,8167","395,0783503",,,,,,,,,,,,,
Controle CP's B (Compressão),Compressão,B,17,5,6/30/25 0:00,"96,00","16,95","76,28","23,68","23,83",0,"43044,37683","393,7796583",,,,,,,,,,,,,
Controle CP's B (Compressão),Compressão,B,17,6,7/1/25 0:00,"120,00","17,21",,,,1,,,,,,,,,,,,,,,
Controle CP's B (Compressão),Compressão,B,17,7,7/2/25 0:00,"144,00","15,61",,,,1,,,,,,,,,,,,,,,
Controle CP's B (Compressão),Compressão,B,17,8,7/3/25 0:00,"168,00","15,61",,,,1,,,,,,,,,,,,,,,
Controle CP's B (Compressão),Compressão,B,17,9,7/4/25 0:00,"192,00","15,61",,,,1,,,,,,,,,,,,,,,
Controle CP's B (Compressão),Compressão,B,18,1,6/26/25 0:00,"0,00","24,32","75,17","24,46","24,44",0,"44936,80641","541,204459",,,,,,,,,,,,,
Controle CP's B (Compressão),Compressão,B,18,2,6/27/25 0:00,"24,00","23,90","75,17","24,36","24,38",0,"44643,22246","535,3556192",,,,,,,,,,,,,
Controle CP's B (Compressão),Compressão,B,18,3,6/28/25 0:00,"48,00","23,51","75,07","24,28","24,31",0,"44309,82728","530,5820728",,,,,,,,,,,,,
Controle CP's B (Compressão),Compressão,B,18,4,6/29/25 0:00,"72,00","23,43","75,09","24,22","24,30",0,"44193,91914","530,1634355",,,,,,,,,,,,,
Controle CP's B (Compressão),Compressão,B,18,5,6/30/25 0:00,"96,00","23,38","75,08","24,24","24,30",0,"44224,52256","528,6659674",,,,,,,,,,,,,
Controle CP's B (Compressão),Compressão,B,18,6,7/1/25 0:00,"120,00","23,55",,,,1,,,,,,,,,,,,,,,
Controle CP's B (Compressão),Compressão,B,18,7,7/2/25 0:00,"144,00","21,31",,,,1,,,,,,,,,,,,,,,
Controle CP's B (Compressão),Compressão,B,18,8,7/3/25 0:00,"168,00","21,32",,,,1,,,,,,,,,,,,,,,
Controle CP's B (Compressão),Compressão,B,18,9,7/4/25 0:00,"192,00","21,34",,,,1,,,,,,,,,,,,,,,
Controle CP's C (Compressão),Compressão,C,19,1,7/3/25 0:00,"0,00","25,35","75,88","24,94","25,26",0,"47803,21627","530,2990463",,,,,,,,,,,,,
Controle CP's C (Compressão),Compressão,C,19,2,7/4/25 0:00,"24,00","25,44","75,90","24,96","25,25",0,"47835,216","531,8257578",,,,,,,,,,,,,
Controle CP's C (Compressão),Compressão,C,19,3,7/5/25 0:00,"48,00","25,58","76,04","25,01","25,29",0,"48095,52052","531,858263",,,,,,,,,,,,,
Controle CP's C (Compressão),Compressão,C,19,4,7/6/25 0:00,"72,00","25,71","75,95","25,04","25,27",0,"48058,18276","534,9765331",,,,,,,,,,,,,
Controle CP's C (Compressão),Compressão,C,19,5,7/7/25 0:00,"96,00","25,76","75,95","25,06","25,29",0,"48134,63403","535,1655937",,,,,,,,,,,,,
Controle CP's C (Compressão),Compressão,C,19,6,7/8/25 0:00,"120,00","25,76","75,97","25,06","25,31",0,"48185,38554","534,6019277",,,,,,,,,,,,,
Controle CP's C (Compressão),Compressão,C,20,1,7/3/25 0:00,"0,00","25,66","75,35","24,54","24,44",0,"45191,73516","567,8029381",,,,,,,,,,,,,
Controle CP's C (Compressão),Compressão,C,20,2,7/4/25 0:00,"24,00","25,76","75,59","24,62","24,51",0,"45613,74236","564,7420858",,,,,,,,,,,,,
Controle CP's C (Compressão),Compressão,C,20,3,7/5/25 0:00,"48,00","24,93","75,60","24,54","24,47",0,"45397,33128","549,1512231",,,,,,,,,,,,,
Controle CP's C (Compressão),Compressão,C,20,4,7/6/25 0:00,"72,00","26,06","75,66","24,55","24,45",0,"45414,72585","573,8226866",,,,,,,,,,,,,
Controle CP's C (Compressão),Compressão,C,20,5,7/7/25 0:00,"96,00","26,08","75,66","24,56","24,51",0,"45544,7173","572,6240396",,,,,,,,,,,,,
Controle CP's C (Compressão),Compressão,C,20,6,7/8/25 0:00,"120,00","26,12","75,68","24,58","24,53",0,"45631,05923","572,4171308",,,,,,,,,,,,,
Controle CP's C (Compressão),Compressão,C,21,1,7/3/25 0:00,"0,00","21,55","75,21","25,25","25,45",0,"48330,88613","445,884645",,,,,,,,,,,,,
Controle CP's C (Compressão),Compressão,C,21,2,7/4/25 0:00,"24,00","21,61","75,23","25,27","25,44",0,"48363,01982","446,8290044",,,,,,,,,,,,,
Controle CP's C (Compressão),Compressão,C,21,3,7/5/25 0:00,"48,00","21,75","75,25","25,32","25,50",0,"48585,915","447,6606029",,,,,,,,,,,,,
Controle CP's C (Compressão),Compressão,C,21,4,7/6/25 0:00,"72,00","21,88","75,28","25,33","25,44",0,"48510,07066","451,0403655",,,,,,,,,,,,,
Controle CP's C (Compressão),Compressão,C,21,5,7/7/25 0:00,"96,00","21,88","75,26","25,35","25,45",0,"48554,55345","450,6271492",,,,,,,,,,,,,
Controle CP's C (Compressão),Compressão,C,21,6,7/8/25 0:00,"120,00","21,91","75,28","25,34","25,47",0,"48586,44974","450,9487751",,,,,,,,,,,,,
Controle CP's C (Compressão),Compressão,C,22,1,7/3/25 0:00,"0,00","25,34","75,85","25,05","25,09",0,"47672,06633","531,5481781",,,,,,,,,,,,,
Controle CP's C (Compressão),Compressão,C,22,2,7/4/25 0:00,"24,00","25,42","75,85","25,07","25,10",0,"47729,14345","532,5886484",,,,,,,,,,,,,
Controle CP's C (Compressão),Compressão,C,22,3,7/5/25 0:00,"48,00","25,59","75,92","25,11","25,15",0,"47944,73268","533,7395491",,,,,,,,,,,,,
Controle CP's C (Compressão),Compressão,C,22,4,7/6/25 0:00,"72,00","25,71","75,92","25,10","25,15",0,"47925,6388","536,4560733",,,,,,,,,,,,,
Controle CP's C (Compressão),Compressão,C,22,5,7/7/25 0:00,"96,00","25,76","75,92","25,12","25,17",0,"48001,96877","536,6446556",,,,,,,,,,,,,
Controle CP's C (Compressão),Compressão,C,22,6,7/8/25 0:00,"120,00","25,77","75,92","25,14","25,18",0,"48059,27318","536,2128533",,,,,,,,,,,,,
Controle CP's C (Compressão),Compressão,C,23,1,7/3/25 0:00,"0,00","25,46","75,09","25,15","24,96",0,"47137,29696","540,1243101",,,,,,,,,,,,,
Controle CP's C (Compressão),Compressão,C,23,2,7/4/25 0:00,"24,00","25,56","75,08","25,17","24,97",0,"47187,39709","541,6700555",,,,,,,,,,,,,
Controle CP's C (Compressão),Compressão,C,23,3,7/5/25 0:00,"48,00","25,72","75,08","25,17","25,01",0,"47262,98764","544,1890428",,,,,,,,,,,,,
Controle CP's C (Compressão),Compressão,C,23,4,7/6/25 0:00,"72,00","25,78","75,19","25,13","25,06",0,"47351,48898","544,4390568",,,,,,,,,,,,,
Controle CP's C (Compressão),Compressão,C,23,5,7/7/25 0:00,"96,00","25,87","75,19","25,13","25,04",0,"47313,69849","546,7761098",,,,,,,,,,,,,
Controle CP's C (Compressão),Compressão,C,23,6,7/8/25 0:00,"120,00","25,88","75,17","25,15","25,06",0,"47376,56903","546,2615915",,,,,,,,,,,,,
Controle CP's C (Compressão),Compressão,C,24,1,7/3/25 0:00,"0,00","26,64","75,12","24,46","24,49",0,"44998,78805","592,0159443",,,,,,,,,,,,,
Controle CP's C (Compressão),Compressão,C,24,2,7/4/25 0:00,"24,00","26,75","75,27","24,49","24,50",0,"45162,37635","592,3071849",,,,,,,,,,,,,
Controle CP's C (Compressão),Compressão,C,24,3,7/5/25 0:00,"48,00","26,92","75,26","24,54","24,52",0,"45285,50741","594,4506651",,,,,,,,,,,,,
Controle CP's C (Compressão),Compressão,C,24,4,7/6/25 0:00,"72,00","27,06","75,30","24,54","24,55",0,"45365,0121","596,4949362",,,,,,,,,,,,,
Controle CP's C (Compressão),Compressão,C,24,5,7/7/25 0:00,"96,00","27,09","75,30","24,55","24,55",0,"45383,49825","596,912998",,,,,,,,,,,,,
Controle CP's C (Compressão),Compressão,C,24,6,7/8/25 0:00,"120,00","27,11","75,30","24,54","24,55",0,"45365,0121","597,5971072",,,,,,,,,,,,,
Controle CP's A-D (Compressão),Compressão,D,1,1,6/13/25 16:30,"0,00","19,42","74,60","25,02","25,06",0,"46774,28952","415,185355",,,,,,,,,,,,,
Controle CP's A-D (Compressão),Compressão,D,1,2,6/16/25 9:30,"65,00","20,28","74,44","25,21","25,17",0,"47234,83751","429,3441254",,,,,,,,,,,,,
Controle CP's A-D (Compressão),Compressão,D,1,3,6/16/25 16:30,"72,00","20,29","74,69","25,21","25,17",0,"47393,47143","428,1180379",,,,,,,,,,,,,
Controle CP's A-D (Compressão),Compressão,D,1,4,6/17/25 9:30,"89,00","20,56","74,68","25,29","25,20",0,"47594,16144","431,98576",,,,,,,,,,,,,
Controle CP's A-D (Compressão),Compressão,D,1,5,6/17/25 16:30,"96,00","20,61","74,65","25,28","25,20",0,"47556,2304","433,3817005",,,,,,,,,,,,,
Controle CP's A-D (Compressão),Compressão,D,1,6,6/18/25 16:30,"120,00","20,71","74,66","25,30","25,21",0,"47619,11858","434,9093519",,,,,,,,,,,,,
Controle CP's A-D (Compressão),Compressão,D,1,7,6/19/25 16:30,"144,00","20,92","74,68","25,37","25,22",0,"47782,60895","437,8161942",,,,,,,,,,,,,
Controle CP's A-D (Compressão),Compressão,D,1,8,6/20/25 16:30,"168,00","21,07","74,70","25,38","25,23",0,"47833,20378","440,4889979",,,,,,,,,,,,,
Controle CP's A-D (Compressão),Compressão,D,1,10,6/22/25 16:30,"216,00","20,12",,,,1,,,,,,,,,,,,,,,
Controle CP's A-D (Compressão),Compressão,D,1,11,6/23/25 16:30,"240,00","16,55",,,,1,,,,,,,,,,,,,,,
Controle CP's A-D (Compressão),Compressão,D,1,12,6/24/25 16:30,"264,00","16,59",,,,1,,,,,,,,,,,,,,,
Controle CP's A-D (Compressão),Compressão,D,1,13,6/25/25 16:30,"288,00","16,55",,,,1,,,,,,,,,,,,,,,
Controle CP's A-D (Compressão),Compressão,D,2,1,6/13/25 16:30,"0,00","26,40","75,13","24,60","24,60",0,"45465,6708","580,6578796",,,,,,,,,,,,,
Controle CP's A-D (Compressão),Compressão,D,2,2,6/16/25 9:30,"65,00","27,46","75,24","24,66","24,84",0,"46088,59306","595,8090317",,,,,,,,,,,,,
Controle CP's A-D (Compressão),Compressão,D,2,3,6/16/25 16:30,"72,00","27,50","75,18","24,67","24,72",0,"45847,95163","599,8086942",,,,,,,,,,,,,
Controle CP's A-D (Compressão),Compressão,D,2,4,6/17/25 9:30,"89,00","27,73","75,13","24,70","24,72",0,"45873,17592","604,4927007",,,,,,,,,,,,,
Controle CP's A-D (Compressão),Compressão,D,2,5,6/17/25 16:30,"96,00","27,76","75,15","24,71","24,73",0,"45922,53425","604,4962556",,,,,,,,,,,,,
Controle CP's A-D (Compressão),Compressão,D,2,6,6/18/25 16:30,"120,00","27,85","75,17","24,70","24,73",0,"45916,16627","606,5401854",,,,,,,,,,,,,
Controle CP's A-D (Compressão),Compressão,D,2,7,6/19/25 16:30,"144,00","28,07","75,19","24,70","24,75",0,"45965,52675","610,6750425",,,,,,,,,,,,,
Controle CP's A-D (Compressão),Compressão,D,2,8,6/20/25 16:30,"168,00","28,17","75,21","24,72","24,74",0,"45996,39029","612,4393637",,,,,,,,,,,,,
Controle CP's A-D (Compressão),Compressão,D,2,10,6/22/25 16:30,"216,00","27,21",,,,1,,,,,,,,,,,,,,,
Controle CP's A-D (Compressão),Compressão,D,2,11,6/23/25 16:30,"240,00","22,61",,,,1,,,,,,,,,,,,,,,
Controle CP's A-D (Compressão),Compressão,D,2,12,6/24/25 16:30,"264,00","22,64",,,,1,,,,,,,,,,,,,,,
Controle CP's A-D (Compressão),Compressão,D,2,13,6/25/25 16:30,"288,00","22,56",,,,1,,,,,,,,,,,,,,,
Controle CP's A-D (Compressão),Compressão,D,3,1,6/13/25 16:30,"0,00","21,66","76,43","25,46","25,08",0,"48803,36762","443,8218315",,,,,,,,,,,,,
Controle CP's A-D (Compressão),Compressão,D,3,2,6/16/25 9:30,"65,00","22,67","76,37","25,69","25,27",0,"49578,35773","457,2559689",,,,,,,,,,,,,
Controle CP's A-D (Compressão),Compressão,D,3,3,6/16/25 16:30,"72,00","22,76","76,52","25,67","25,23",0,"49558,49173","459,2553002",,,,,,,,,,,,,
Controle CP's A-D (Compressão),Compressão,D,3,4,6/17/25 9:30,"89,00","23,05","76,44","25,73","25,39",0,"49937,08247","461,5808305",,,,,,,,,,,,,
Controle CP's A-D (Compressão),Compressão,D,3,5,6/17/25 16:30,"96,00","23,10","76,42","25,72","25,38",0,"49884,95851","463,0654347",,,,,,,,,,,,,
Controle CP's A-D (Compressão),Compressão,D,3,6,6/18/25 16:30,"120,00","23,21","76,42","25,73","25,36",0,"49865,02818","465,4564702",,,,,,,,,,,,,
Controle CP's A-D (Compressão),Compressão,D,3,7,6/19/25 16:30,"144,00","23,54","76,41","25,78","25,36",0,"49955,39093","471,2204141",,,,,,,,,,,,,
Controle CP's A-D (Compressão),Compressão,D,3,8,6/20/25 16:30,"168,00","23,61","76,43","25,80","25,38",0,"50046,66972","471,7596622",,,,,,,,,,,,,
Controle CP's A-D (Compressão),Compressão,D,3,10,6/22/25 16:30,"216,00","22,72",,,,1,,,,,,,,,,,,,,,
Controle CP's A-D (Compressão),Compressão,D,3,11,6/23/25 16:30,"240,00","18,62",,,,1,,,,,,,,,,,,,,,
Controle CP's A-D (Compressão),Compressão,D,3,12,6/24/25 16:30,"264,00","18,62",,,,1,,,,,,,,,,,,,,,
Controle CP's A-D (Compressão),Compressão,D,3,13,6/25/25 16:30,"288,00","18,62",,,,1,,,,,,,,,,,,,,,
Controle CP's A-D (Compressão),Compressão,D,4,1,6/13/25 16:30,"0,00","26,88","74,88","24,46","24,46",0,"44800,07501","599,9989954",,,,,,,,,,,,,
Controle CP's A-D (Compressão),Compressão,D,4,2,6/16/25 9:30,"65,00","28,06","74,82","24,64","24,74",0,"45609,79315","615,2187515",,,,,,,,,,,,,
Controle CP's A-D (Compressão),Compressão,D,4,3,6/16/25 16:30,"72,00","28,13","74,82","24,65","24,75",0,"45646,74675","616,2542131",,,,,,,,,,,,,
Controle CP's A-D (Compressão),Compressão,D,4,4,6/17/25 9:30,"89,00","28,40","74,80","24,69","24,75",0,"45708,597","621,3273184",,,,,,,,,,,,,
Controle CP's A-D (Compressão),Compressão,D,4,5,6/17/25 16:30,"96,00","28,46","74,82","24,70","24,77",0,"45776,29758","621,7191321",,,,,,,,,,,,,
Controle CP's A-D (Compressão),Compressão,D,4,6,6/18/25 16:30,"120,00","28,59","74,80","24,72","24,78",0,"45819,60768","623,9686773",,,,,,,,,,,,,
Controle CP's A-D (Compressão),Compressão,D,4,7,6/19/25 16:30,"144,00","28,97","74,82","24,74","24,81",0,"45924,47111","630,8183698",,,,,,,,,,,,,
Controle CP's A-D (Compressão),Compressão,D,4,8,6/20/25 16:30,"168,00","28,99","74,84","24,76","24,82",0,"45992,41309","630,321352",,,,,,,,,,,,,
Controle CP's A-D (Compressão),Compressão,D,4,10,6/22/25 16:30,"216,00","28,04",,,,1,,,,,,,,,,,,,,,
Controle CP's A-D (Compressão),Compressão,D,4,11,6/23/25 16:30,"240,00","23,15",,,,1,,,,,,,,,,,,,,,
Controle CP's A-D (Compressão),Compressão,D,4,12,6/24/25 16:30,"264,00","23,18",,,,1,,,,,,,,,,,,,,,
Controle CP's A-D (Compressão),Compressão,D,4,13,6/25/25 16:30,"288,00","23,13",,,,1,,,,,,,,,,,,,,,
Controle CP's A-D (Compressão),Compressão,D,5,1,6/13/25 16:30,"0,00","24,73","75,67","24,53","24,44",0,"45365,16384","545,131945",,,,,,,,,,,,,
Controle CP's A-D (Compressão),Compressão,D,5,2,6/16/25 9:30,"65,00","26,22","75,91","24,65","24,68",0,"46180,75942","567,7689222",,,,,,,,,,,,,
Controle CP's A-D (Compressão),Compressão,D,5,3,6/16/25 16:30,"72,00","26,23","75,93","24,72","24,64",0,"46249,02374","567,1471066",,,,,,,,,,,,,
Controle CP's A-D (Compressão),Compressão,D,5,4,6/17/25 9:30,"89,00","26,53","75,96","24,74","24,70",0,"46417,48488","571,5518639",,,,,,,,,,,,,
Controle CP's A-D (Compressão),Compressão,D,5,5,6/17/25 16:30,"96,00","26,55","75,94","24,75","24,72",0,"46461,6108","571,4395076",,,,,,,,,,,,,
Controle CP's A-D (Compressão),Compressão,D,5,6,6/18/25 16:30,"120,00","26,70","75,93","24,77","24,73",0,"46511,84025","574,0473792",,,,,,,,,,,,,
Controle CP's A-D (Compressão),Compressão,D,5,7,6/19/25 16:30,"144,00","27,01","75,93","24,78","24,73",0,"46530,61774","580,4780016",,,,,,,,,,,,,
Controle CP's A-D (Compressão),Compressão,D,5,8,6/20/25 16:30,"168,00","27,07","75,92","24,80","24,73",0,"46562,03968","581,374875",,,,,,,,,,,,,
Controle CP's A-D (Compressão),Compressão,D,5,10,6/22/25 16:30,"216,00","26,11",,,,1,,,,,,,,,,,,,,,
Controle CP's A-D (Compressão),Compressão,D,5,11,6/23/25 16:30,"240,00","21,66",,,,1,,,,,,,,,,,,,,,
Controle CP's A-D (Compressão),Compressão,D,5,12,6/24/25 16:30,"264,00","21,69",,,,1,,,,,,,,,,,,,,,
Controle CP's A-D (Compressão),Compressão,D,5,13,6/25/25 16:30,"288,00","21,70",,,,1,,,,,,,,,,,,,,,
Controle CP's A-D (Compressão),Compressão,D,6,1,6/13/25 16:30,"0,00","24,97","75,70","24,45","24,57",0,"45475,75305","549,0838156",,,,,,,,,,,,,
Controle CP's A-D (Compressão),Compressão,D,6,2,6/16/25 9:30,"65,00","26,05","75,78","24,68","24,73",0,"46251,29239","563,2275046",,,,,,,,,,,,,
Controle CP's A-D (Compressão),Compressão,D,6,3,6/16/25 16:30,"72,00","26,11","75,76","24,64","24,71",0,"46126,80934","566,0482563",,,,,,,,,,,,,
Controle CP's A-D (Compressão),Compressão,D,6,4,6/17/25 9:30,"89,00","26,44","75,75","24,65","24,72",0,"46158,111","572,8137358",,,,,,,,,,,,,
Controle CP's A-D (Compressão),Compressão,D,6,5,6/17/25 16:30,"96,00","26,46","75,76","24,65","24,73",0,"46182,87932","572,9395912",,,,,,,,,,,,,
Controle CP's A-D (Compressão),Compressão,D,6,6,6/18/25 16:30,"120,00","26,59","75,77","24,66","24,74",0,"46226,39807","575,2124568",,,,,,,,,,,,,
Controle CP's A-D (Compressão),Compressão,D,6,7,6/19/25 16:30,"144,00","26,82","75,78","24,66","24,76",0,"46269,87365","579,6428191",,,,,,,,,,,,,
Controle CP's A-D (Compressão),Compressão,D,6,8,6/20/25 16:30,"168,00","26,97","75,80","24,68","24,77",0,"46338,32888","582,0235786",,,,,,,,,,,,,
Controle CP's A-D (Compressão),Compressão,D,6,10,6/22/25 16:30,"216,00","25,25",,,,1,,,,,,,,,,,,,,,
Controle CP's A-D (Compressão),Compressão,D,6,11,6/23/25 16:30,"240,00","21,62",,,,1,,,,,,,,,,,,,,,
Controle CP's A-D (Compressão),Compressão,D,6,12,6/24/25 16:30,"264,00","21,66",,,,1,,,,,,,,,,,,,,,
Controle CP's A-D (Compressão),Compressão,D,6,13,6/25/25 16:30,"288,00","21,63",,,,1,,,,,,,,,,,,,,,
Controle CP's E (Compressão),Compressão,E,25,1,7/4/25 0:00,"0,00","22,80","75,00","25,45","25,35",0,"48386,8125","471,2027683",,,,,,,,,,,,,
Controle CP's E (Compressão),Compressão,E,25,2,7/5/25 0:00,"24,00","21,47","74,86","25,19","25,11",0,"47350,51457","453,4269626",,,,,,,,,,,,,
Controle CP's E (Compressão),Compressão,E,25,3,7/6/25 0:00,"48,00","21,36","74,85","25,15","25,11",0,"47269,01003","451,8816871",,,,,,,,,,,,,
Controle CP's E (Compressão),Compressão,E,25,4,7/7/25 0:00,"72,00","21,07","74,83","25,11","25,02",0,"47012,11213","448,1823736",,,,,,,,,,,,,
Controle CP's E (Compressão),Compressão,E,25,5,7/8/25 0:00,"96,00","21,12","74,82","25,13","25,03",0,"47062,0718","448,7690234",,,,,,,,,,,,,
Controle CP's E (Compressão),Compressão,E,25,6,7/9/25 0:00,"120,00","21,01","74,84","25,15","25,01",0,"47074,47226","446,3140847",,,,,,,,,,,,,
Controle CP's E (Compressão),Compressão,E,26,1,7/4/25 0:00,"0,00","27,27","75,99","25,45","24,18",0,"46762,80219","583,1558145",,,,,,,,,,,,,
Controle CP's E (Compressão),Compressão,E,26,2,7/5/25 0:00,"24,00","25,98","75,88","24,15","23,95",0,"43888,4229","591,9556522",,,,,,,,,,,,,
Controle CP's E (Compressão),Compressão,E,26,3,7/6/25 0:00,"48,00","25,73","75,90","24,11","23,84",0,"43625,98416","589,7861216",,,,,,,,,,,,,
Controle CP's E (Compressão),Compressão,E,26,4,7/7/25 0:00,"72,00","25,44","75,90","24,03","23,79",0,"43390,03383","586,3097526",,,,,,,,,,,,,
Controle CP's E (Compressão),Compressão,E,26,5,7/8/25 0:00,"96,00","25,49","75,87","24,05","23,79",0,"43408,98257","587,2056541",,,,,,,,,,,,,
Controle CP's E (Compressão),Compressão,E,26,6,7/9/25 0:00,"120,00","25,40","75,88","24,03","23,78",0,"43360,36639","585,788408",,,,,,,,,,,,,
Controle CP's E (Compressão),Compressão,E,27,1,7/4/25 0:00,"0,00","22,37","74,70","25,06","24,81",0,"46443,87342","481,6566396",,,,,,,,,,,,,
Controle CP's E (Compressão),Compressão,E,27,2,7/5/25 0:00,"24,00","21,16","74,56","24,85","24,54",0,"45468,10464","465,3811758",,,,,,,,,,,,,
Controle CP's E (Compressão),Compressão,E,27,3,7/6/25 0:00,"48,00","21,05","74,55","24,80","24,56",0,"45407,5104","463,5796989",,,,,,,,,,,,,
Controle CP's E (Compressão),Compressão,E,27,4,7/7/25 0:00,"72,00","20,74","74,56","24,76","24,52",0,"45266,50931","458,1753777",,,,,,,,,,,,,
Controle CP's E (Compressão),Compressão,E,27,5,7/8/25 0:00,"96,00","20,78","74,51","24,78","24,50",0,"45235,7661","459,3710197",,,,,,,,,,,,,
Controle CP's E (Compressão),Compressão,E,27,6,7/9/25 0:00,"120,00","20,70","74,51","24,76","24,52",0,"45236,15355","457,5985882",,,,,,,,,,,,,
Controle CP's E (Compressão),Compressão,E,28,1,7/4/25 0:00,"0,00","23,81","74,31","25,35","24,94",0,"46980,93699","506,8013012",,,,,,,,,,,,,
Controle CP's E (Compressão),Compressão,E,28,2,7/5/25 0:00,"24,00","22,45","74,25","25,21","24,52",0,"45897,5781","489,1325627",,,,,,,,,,,,,
Controle CP's E (Compressão),Compressão,E,28,3,7/6/25 0:00,"48,00","22,31","74,25","25,03","24,44",0,"45421,1901","491,1804369",,,,,,,,,,,,,
Controle CP's E (Compressão),Compressão,E,28,4,7/7/25 0:00,"72,00","22,01","74,27","24,99","24,35",0,"45193,77776","487,0139451",,,,,,,,,,,,,
Controle CP's E (Compressão),Compressão,E,28,5,7/8/25 0:00,"96,00","22,04","74,24","24,95","24,38",0,"45158,78144","488,0556848",,,,,,,,,,,,,
Controle CP's E (Compressão),Compressão,E,28,6,7/9/25 0:00,"120,00","21,95","74,25","24,97","24,38",0,"45201,06855","485,607989",,,,,,,,,,,,,
Controle CP's E (Compressão),Compressão,E,29,1,7/4/25 0:00,"0,00","26,78","75,35","24,24","24,54",0,"44821,91736","597,4755561",,,,,,,,,,,,,
Controle CP's E (Compressão),Compressão,E,29,2,7/5/25 0:00,"24,00","25,30","75,31","23,91","24,17",0,"43522,00296","581,3151574",,,,,,,,,,,,,
Controle CP's E (Compressão),Compressão,E,29,3,7/6/25 0:00,"48,00","25,12","75,24","23,86","24,12",0,"43300,86077","580,1270357",,,,,,,,,,,,,
Controle CP's E (Compressão),Compressão,E,29,4,7/7/25 0:00,"72,00","24,79","75,25","23,78","24,05",0,"43036,15225","576,0273329",,,,,,,,,,,,,
Controle CP's E (Compressão),Compressão,E,29,5,7/8/25 0:00,"96,00","24,81","75,28","23,77","24,07",0,"43070,99279","576,0257285",,,,,,,,,,,,,
Controle CP's E (Compressão),Compressão,E,29,6,7/9/25 0:00,"120,00","24,68","75,30","23,75","24,05",0,"43010,41875","573,8144551",,,,,,,,,,,,,
Controle CP's E (Compressão),Compressão,E,30,1,7/4/25 0:00,"0,00","25,69","75,09","24,31","24,40",0,"44540,68476","576,7760451",,,,,,,,,,,,,
Controle CP's E (Compressão),Compressão,E,30,2,7/5/25 0:00,"24,00","24,26","75,01","23,97","24,08",0,"43295,59198","560,3341794",,,,,,,,,,,,,
Controle CP's E (Compressão),Compressão,E,30,3,7/6/25 0:00,"48,00","24,11","75,23","23,98","24,05",0,"43386,57037","555,7019095",,,,,,,,,,,,,
Controle CP's E (Compressão),Compressão,E,30,4,7/7/25 0:00,"72,00","23,77","75,19","23,95","23,96",0,"43147,17998","550,9050652",,,,,,,,,,,,,
Controle CP's E (Compressão),Compressão,E,30,5,7/8/25 0:00,"96,00","24,16","75,21","23,90","23,95",0,"43050,58005","561,2003363",,,,,,,,,,,,,
Controle CP's E (Compressão),Compressão,E,30,6,7/9/25 0:00,"120,00","23,89","75,19","23,89","23,96",0,"43039,08684","555,0768326",,,,,,,,,,,,,
Controle Grupo A (Dessecador),Dessecador,A,13,1,6/10/25 9:30,"0,00","14,20","50,15","30,30","18,27",0,"27762,08715","511,488921",,,,,,,,,,,,,
Controle Grupo A (Dessecador),Dessecador,A,13,2,6/10/25 16:30,"7,00","14,08","50,16","30,29","18,23",0,"27697,68487","508,3457359",,,,,,,,,,,,,
Controle Grupo A (Dessecador),Dessecador,A,13,3,6/11/25 9:30,"24,00","13,48","50,09","29,95","18,27",0,"27408,57179","491,8169435",,,,,,,,,,,,,
Controle Grupo A (Dessecador),Dessecador,A,13,4,6/11/25 16:30,"31,00","13,44","50,10","29,92","18,19",0,"27266,66448","492,909575",,,,,,,,,,,,,
Controle Grupo A (Dessecador),Dessecador,A,13,5,6/12/25 9:30,"48,00","13,28","50,09","29,81","18,08",0,"26996,74683","491,9111211",,,,,,,,,,,,,
Controle Grupo A (Dessecador),Dessecador,A,13,6,6/12/25 16:30,"55,00","13,23","50,08","29,81","18,10",0,"27021,21488","489,6152915",,,,,,,,,,,,,
Controle Grupo A (Dessecador),Dessecador,A,13,7,6/13/25 9:30,"72,00","13,20","50,10","29,79","18,10",0,"27013,8699","488,6378756",,,,,,,,,,,,,
Controle Grupo A (Dessecador),Dessecador,A,13,8,6/13/25 16:30,"79,00","13,14","50,10","29,77","18,09",0,"26980,81893","487,0126453","13,14741036","10,73","16,73","8,74","4669,151911","1779,438135","2069,79405","10617,35273","2086,385262","1542,076877","10,61735273","2,086385262","1,542076877"
Controle Grupo A (Dessecador),Dessecador,A,13,9,6/16/25 9:30,"144,00","12,54","50,12","29,61","18,11",1,"26876,20345","466,5837577",,,,,,,,,,,,,
Controle Grupo A (Dessecador),Dessecador,A,13,10,6/16/25 16:30,"151,00","12,53","50,12","29,63","18,05",1,"26805,25358","467,4456805",,,,,,,,,,,,,
Controle Grupo A (Dessecador),Dessecador,A,13,11,6/17/25 9:30,"168,00","12,55","50,17","29,57","18,04",0,"26762,82528","468,9340483",,,,,,,,,,,,,
Controle Grupo A (Dessecador),Dessecador,A,14,1,6/10/25 9:30,"0,00","16,00","49,86","30,20","17,36",0,"26140,20192","612,0840248",,,,,,,,,,,,,
Controle Grupo A (Dessecador),Dessecador,A,14,2,6/10/25 16:30,"7,00","15,87","49,84","30,17","17,32",0,"26043,6129","609,3624592",,,,,,,,,,,,,
Controle Grupo A (Dessecador),Dessecador,A,14,3,6/11/25 9:30,"24,00","15,20","49,83","29,70","17,22",0,"25484,75622","596,4349774",,,,,,,,,,,,,
Controle Grupo A (Dessecador),Dessecador,A,14,4,6/11/25 16:30,"31,00","15,22","49,80","29,77","17,06",0,"25292,23476","601,7657255",,,,,,,,,,,,,
Controle Grupo A (Dessecador),Dessecador,A,14,5,6/12/25 9:30,"48,00","15,04","49,80","29,58","17,11",0,"25204,46724","596,7196155",,,,,,,,,,,,,
Controle Grupo A (Dessecador),Dessecador,A,14,6,6/12/25 16:30,"55,00","14,99","49,82","29,58","17,04",0,"25111,43222","596,9392692",,,,,,,,,,,,,
Controle Grupo A (Dessecador),Dessecador,A,14,7,6/13/25 9:30,"72,00","14,91","49,81","29,58","17,02",0,"25076,9242","594,5705256",,,,,,,,,,,,,
Controle Grupo A (Dessecador),Dessecador,A,14,8,6/13/25 16:30,"79,00","14,88","49,81","29,57","17,01",0,"25053,71772","593,9238307","12,83497884","9,55","15,6","7,99","5215,706806","1895,512821","2128,911139","16156,86483","2691,818787","2133,949825","16,15686483","2,691818787","2,133949825"
Controle Grupo A (Dessecador),Dessecador,A,14,9,6/16/25 9:30,"144,00","14,18","49,96","29,07","16,84",1,"24457,35845","579,7846088",,,,,,,,,,,,,
Controle Grupo A (Dessecador),Dessecador,A,14,10,6/16/25 16:30,"151,00","14,17","49,96","29,12","16,76",1,"24383,03795","581,1416948",,,,,,,,,,,,,
Controle Grupo A (Dessecador),Dessecador,A,14,11,6/17/25 9:30,"168,00","14,18","49,97","29,25","16,79",0,"24540,64178","577,8169997",,,,,,,,,,,,,
Controle Grupo A (Dessecador),Dessecador,A,15,1,6/10/25 9:30,"0,00","12,79","49,69","30,39","17,64",0,"26637,79532","480,144841",,,,,,,,,,,,,
Controle Grupo A (Dessecador),Dessecador,A,15,2,6/10/25 16:30,"7,00","12,69","49,66","30,31","17,64",0,"26551,63274","477,93671",,,,,,,,,,,,,
Controle Grupo A (Dessecador),Dessecador,A,15,3,6/11/25 9:30,"24,00","12,14","49,72","29,90","17,54",0,"26075,45512","465,5719313",,,,,,,,,,,,,
Controle Grupo A (Dessecador),Dessecador,A,15,4,6/11/25 16:30,"31,00","12,13","49,73","29,93","17,51",0,"26062,21494","465,4247549",,,,,,,,,,,,,
Controle Grupo A (Dessecador),Dessecador,A,15,5,6/12/25 9:30,"48,00","12,05","49,74","29,86","17,52",0,"26021,34173","463,0814247",,,,,,,,,,,,,
Controle Grupo A (Dessecador),Dessecador,A,15,6,6/12/25 16:30,"55,00","11,89","49,74","29,86","17,45",0,"25917,37518","458,7655933",,,,,,,,,,,,,
Controle Grupo A (Dessecador),Dessecador,A,15,7,6/13/25 9:30,"72,00","11,84","49,72","29,74","17,40",0,"25728,90672","460,182787",,,,,,,,,,,,,
Controle Grupo A (Dessecador),Dessecador,A,15,8,6/13/25 16:30,"79,00","11,84","49,74","29,72","17,42",0,"25751,51218","459,7788246","11,50828248","9,33","16,27","8,34","5331,189711","1826,674862","2088,729017","13067,64236","2005,917955","1534,162878","13,06764236","2,005917955","1,534162878"
Controle Grupo A (Dessecador),Dessecador,A,15,9,6/16/25 9:30,"144,00","11,47","49,85","29,64","17,47",1,"25812,86838","444,352012",,,,,,,,,,,,,
Controle Grupo A (Dessecador),Dessecador,A,15,10,6/16/25 16:30,"151,00","11,51","49,82","29,61","17,42",1,"25697,46488","447,9041046",,,,,,,,,,,,,
Controle Grupo A (Dessecador),Dessecador,A,15,11,6/17/25 9:30,"168,00","11,47","49,84","29,59","17,41",0,"25675,6691","446,7264303",,,,,,,,,,,,,
Controle Grupo A (Dessecador),Dessecador,A,16,1,6/10/25 9:30,"0,00","13,46","50,33","30,60","19,34",0,"29785,49532","451,8978065",,,,,,,,,,,,,
Controle Grupo A (Dessecador),Dessecador,A,16,2,6/10/25 16:30,"7,00","13,30","50,27","30,50","19,32",0,"29622,1002","448,9890963",,,,,,,,,,,,,
Controle Grupo A (Dessecador),Dessecador,A,16,3,6/11/25 9:30,"24,00","12,66","50,21","30,22","19,21",0,"29148,2205","434,3318317",,,,,,,,,,,,,
Controle Grupo A (Dessecador),Dessecador,A,16,4,6/11/25 16:30,"31,00","12,65","50,24","30,19","19,21",0,"29136,68298","434,1606081",,,,,,,,,,,,,
Controle Grupo A (Dessecador),Dessecador,A,16,5,6/12/25 9:30,"48,00","12,56","50,26","30,14","19,21",0,"29100,00724","431,6150128",,,,,,,,,,,,,
Controle Grupo A (Dessecador),Dessecador,A,16,6,6/12/25 16:30,"55,00","12,41","50,25","30,09","19,23",0,"29076,19268","426,8096631",,,,,,,,,,,,,
Controle Grupo A (Dessecador),Dessecador,A,16,7,6/13/25 9:30,"72,00","12,44","50,24","30,07","19,14",0,"28915,11955","430,2247472",,,,,,,,,,,,,
Controle Grupo A (Dessecador),Dessecador,A,16,8,6/13/25 16:30,"79,00","12,39","50,23","30,08","19,14",0,"28918,97818","428,4383744","12,26021685","12,77","16,52","8,77","3933,437745","1820,823245","2182,440137","6628,769606","2040,671236","1420,443425","6,628769606","2,040671236","1,420443425"
Controle Grupo A (Dessecador),Dessecador,A,16,9,6/16/25 9:30,"144,00","11,97","50,42","30,16","19,23",1,"29242,43026","409,3367034",,,,,,,,,,,,,
Controle Grupo A (Dessecador),Dessecador,A,16,10,6/16/25 16:30,"151,00","11,98","50,40","30,07","19,23",1,"29143,60344","411,0679046",,,,,,,,,,,,,
Controle Grupo A (Dessecador),Dessecador,A,16,11,6/17/25 9:30,"168,00","11,99","50,37","30,03","19,24",0,"29102,63756","411,9901495",,,,,,,,,,,,,
Controle Grupo A (Dessecador),Dessecador,A,17,1,6/10/25 9:30,"0,00","13,23","49,58","30,18","17,67",0,"26440,05215","500,3772279",,,,,,,,,,,,,
Controle Grupo A (Dessecador),Dessecador,A,17,2,6/10/25 16:30,"7,00","13,10","49,70","30,11","17,71",0,"26502,43057","494,2942862",,,,,,,,,,,,,
Controle Grupo A (Dessecador),Dessecador,A,17,3,6/11/25 9:30,"24,00","12,57","49,70","29,78","17,57",0,"26004,75962","483,3730511",,,,,,,,,,,,,
Controle Grupo A (Dessecador),Dessecador,A,17,4,6/11/25 16:30,"31,00","12,56","49,73","29,79","17,59",0,"26058,82335","481,9864592",,,,,,,,,,,,,
Controle Grupo A (Dessecador),Dessecador,A,17,5,6/12/25 9:30,"48,00","12,46","49,71","29,63","17,50",0,"25775,87775","483,3976992",,,,,,,,,,,,,
Controle Grupo A (Dessecador),Dessecador,A,17,6,6/12/25 16:30,"55,00","12,41","49,70","29,64","17,48",0,"25749,92784","481,9430981",,,,,,,,,,,,,
Controle Grupo A (Dessecador),Dessecador,A,17,7,6/13/25 9:30,"72,00","12,42","49,72","29,66","17,48",0,"25777,6721","481,8123201",,,,,,,,,,,,,
Controle Grupo A (Dessecador),Dessecador,A,17,8,6/13/25 16:30,"79,00","12,32","49,70","29,66","17,46",0,"25737,82092","478,6730018","10,98993289","9,68","16,25","8,19","5134,297521","1825,230769","2131,868132","12618,30428","2175,502608","1594,683482","12,61830428","2,175502608","1,594683482"
Controle Grupo A (Dessecador),Dessecador,A,17,9,6/16/25 9:30,"144,00","11,91","50,23","29,56","17,57",1,"26087,91492","456,5332277",,,,,,,,,,,,,
Controle Grupo A (Dessecador),Dessecador,A,17,10,6/16/25 16:30,"151,00","11,92","50,45","29,51","17,51",1,"26068,52905","457,2563331",,,,,,,,,,,,,
Controle Grupo A (Dessecador),Dessecador,A,17,11,6/17/25 9:30,"168,00","11,92","50,48","29,49","17,53",0,"26096,12566","456,7727852",,,,,,,,,,,,,
Controle Grupo A (Dessecador),Dessecador,A,18,1,6/10/25 9:30,"0,00","13,22","50,08","30,50","19,39",0,"29617,0616","446,3643348",,,,,,,,,,,,,
Controle Grupo A (Dessecador),Dessecador,A,18,2,6/10/25 16:30,"7,00","13,09","49,99","30,44","19,41",0,"29536,1116","443,1862995",,,,,,,,,,,,,
Controle Grupo A (Dessecador),Dessecador,A,18,3,6/11/25 9:30,"24,00","12,42","49,88","30,09","19,28",0,"28937,14378","429,2061475",,,,,,,,,,,,,
Controle Grupo A (Dessecador),Dessecador,A,18,4,6/11/25 16:30,"31,00","12,35","49,90","30,03","19,27",0,"28876,03719","427,6902651",,,,,,,,,,,,,
Controle Grupo A (Dessecador),Dessecador,A,18,5,6/12/25 9:30,"48,00","12,33","49,91","30,00","19,23",0,"28793,079","428,2279085",,,,,,,,,,,,,
Controle Grupo A (Dessecador),Dessecador,A,18,6,6/12/25 16:30,"55,00","12,29","49,90","29,98","19,22",0,"28753,15844","427,4313038",,,,,,,,,,,,,
Controle Grupo A (Dessecador),Dessecador,A,18,7,6/13/25 9:30,"72,00","12,32","49,91","29,97","19,20",0,"28719,41184","428,9781444",,,,,,,,,,,,,
Controle Grupo A (Dessecador),Dessecador,A,18,8,6/13/25 16:30,"79,00","12,23","49,91","29,99","19,19",0,"28723,60927","425,7821461","11,46711636","12,44","16,42","8,81","4012,057878","1826,431181","2178,206583","6853,648476","2020,159124","1420,345739","6,853648476","2,020159124","1,420345739"
Controle Grupo A (Dessecador),Dessecador,A,18,9,6/16/25 9:30,"144,00","11,82","50,35","30,10","19,23",1,"29143,73805","405,5759759",,,,,,,,,,,,,
Controle Grupo A (Dessecador),Dessecador,A,18,10,6/16/25 16:30,"151,00","11,83","50,09","30,07","19,12",1,"28798,66446","410,7829381",,,,,,,,,,,,,
Controle Grupo A (Dessecador),Dessecador,A,18,11,6/17/25 9:30,"168,00","11,86","50,14","30,07","19,16",0,"28887,71977","410,5550765",,,,,,,,,,,,,
Controle Grupo A (Dessecador),Dessecador,A,19,1,6/10/25 9:30,"0,00","13,36","50,33","30,57","18,97",0,"29187,01626","457,7377791",,,,,,,,,,,,,
Controle Grupo A (Dessecador),Dessecador,A,19,2,6/10/25 16:30,"7,00","13,23","50,37","30,54","18,98",0,"29196,9302","453,1298293",,,,,,,,,,,,,
Controle Grupo A (Dessecador),Dessecador,A,19,3,6/11/25 9:30,"24,00","12,53","50,28","30,14","18,85",0,"28566,02892","438,6328963",,,,,,,,,,,,,
Controle Grupo A (Dessecador),Dessecador,A,19,4,6/11/25 16:30,"31,00","12,56","50,29","30,12","18,89",0,"28613,34037","438,9560896",,,,,,,,,,,,,
Controle Grupo A (Dessecador),Dessecador,A,19,5,6/12/25 9:30,"48,00","12,47","50,30","30,05","18,81",0,"28431,59715","438,5965352",,,,,,,,,,,,,
Controle Grupo A (Dessecador),Dessecador,A,19,6,6/12/25 16:30,"55,00","12,32","50,28","29,98","18,79",0,"28323,94078","434,9677221",,,,,,,,,,,,,
Controle Grupo A (Dessecador),Dessecador,A,19,7,6/13/25 9:30,"72,00","12,42","50,26","30,00","18,79",0,"28331,562","438,3803477",,,,,,,,,,,,,
Controle Grupo A (Dessecador),Dessecador,A,19,8,6/13/25 16:30,"79,00","12,35","50,27","29,98","18,81",0,"28348,44943","435,6499297","11,51919866","10,35","16,69","8,82","4857,004831","1796,285201","2132,653061","10277,19789","1981,426966","1405,685717","10,27719789","1,981426966","1,405685717"
Controle Grupo A (Dessecador),Dessecador,A,19,9,6/16/25 9:30,"144,00","11,97","50,78","29,73","18,69",1,"28216,09489","424,2259621",,,,,,,,,,,,,
Controle Grupo A (Dessecador),Dessecador,A,19,10,6/16/25 16:30,"151,00","11,97","50,67","29,65","18,61",1,"27959,02196","428,1265639",,,,,,,,,,,,,
Controle Grupo A (Dessecador),Dessecador,A,19,11,6/17/25 9:30,"168,00","11,98","50,79","29,75","18,69",0,"28240,63673","424,2113985",,,,,,,,,,,,,
Controle Grupo A (Dessecador),Dessecador,A,20,1,6/10/25 9:30,"0,00","13,69","50,45","30,21","19,13",0,"29155,92779","469,5443102",,,,,,,,,,,,,
Controle Grupo A (Dessecador),Dessecador,A,20,2,6/10/25 16:30,"7,00","13,59","50,44","30,23","19,15",0,"29199,94298","465,4118677",,,,,,,,,,,,,
Controle Grupo A (Dessecador),Dessecador,A,20,3,6/11/25 9:30,"24,00","12,97","50,37","29,83","19,01",0,"28563,23027","454,080294",,,,,,,,,,,,,
Controle Grupo A (Dessecador),Dessecador,A,20,4,6/11/25 16:30,"31,00","12,92","50,39","29,79","18,99",0,"28506,23272","453,2342147",,,,,,,,,,,,,
Controle Grupo A (Dessecador),Dessecador,A,20,5,6/12/25 9:30,"48,00","12,84","50,38","29,75","18,97",0,"28432,33085","451,5985716",,,,,,,,,,,,,
Controle Grupo A (Dessecador),Dessecador,A,20,6,6/12/25 16:30,"55,00","12,82","50,38","29,73","18,96",0,"28398,2387","451,4364476",,,,,,,,,,,,,
Controle Grupo A (Dessecador),Dessecador,A,20,7,6/13/25 9:30,"72,00","12,66","50,40","29,71","18,94",0,"28360,45296","446,3962553",,,,,,,,,,,,,
Controle Grupo A (Dessecador),Dessecador,A,20,8,6/13/25 16:30,"79,00","12,71","50,40","29,65","18,94",0,"28303,1784","449,0661727","10,94003241","11,87","15,52","8,51","4245,998315","1910,438144","2225,616921","8095,990255","2224,391213","1638,989998","8,095990255","2,224391213","1,638989998"
Controle Grupo A (Dessecador),Dessecador,A,20,9,6/16/25 9:30,"144,00","12,32","50,60","30,02","19,13",1,"29058,69956","423,9694201",,,,,,,,,,,,,
Controle Grupo A (Dessecador),Dessecador,A,20,10,6/16/25 16:30,"151,00","12,34","50,58","29,99","19,11",1,"28987,84816","425,6956201",,,,,,,,,,,,,
Controle Grupo A (Dessecador),Dessecador,A,20,11,6/17/25 9:30,"168,00","12,34","50,66","29,76","19,15",0,"28871,33664","427,4135331",,,,,,,,,,,,,
Controle Grupo A (Dessecador),Dessecador,A,21,1,6/10/25 9:30,"0,00","13,88","49,86","29,40","18,96",0,"27793,16064","499,4034388",,,,,,,,,,,,,
Controle Grupo A (Dessecador),Dessecador,A,21,2,6/10/25 16:30,"7,00","13,76","49,91","29,35","18,94",0,"27744,41999","495,9555833",,,,,,,,,,,,,
Controle Grupo A (Dessecador),Dessecador,A,21,3,6/11/25 9:30,"24,00","13,13","49,84","29,98","18,81",0,"28105,96219","467,1606654",,,,,,,,,,,,,
Controle Grupo A (Dessecador),Dessecador,A,21,4,6/11/25 16:30,"31,00","13,08","49,85","28,90","18,81",0,"27098,90865","482,6762645",,,,,,,,,,,,,
Controle Grupo A (Dessecador),Dessecador,A,21,5,6/12/25 9:30,"48,00","12,98","49,86","28,80","18,73",0,"26895,68064","482,6053735",,,,,,,,,,,,,
Controle Grupo A (Dessecador),Dessecador,A,21,6,6/12/25 16:30,"55,00","12,92","49,86","28,81","18,73",0,"26905,01942","480,2077932",,,,,,,,,,,,,
Controle Grupo A (Dessecador),Dessecador,A,21,7,6/13/25 9:30,"72,00","12,84","49,85","28,80","18,71",0,"26861,5728","478,0062618",,,,,,,,,,,,,
Controle Grupo A (Dessecador),Dessecador,A,21,8,6/13/25 16:30,"79,00","12,84","49,87","28,80","18,70",0,"26857,9872","478,0700767","9,897070467","9,24","15,21","8,81","5397,186147","1893,491124","2122,587968","13925,99886","2153,88721","1714,028775","13,92599886","2,15388721","1,714028775"
Controle Grupo A (Dessecador),Dessecador,A,21,9,6/16/25 9:30,"144,00","12,64","50,14","28,68","18,81",1,"27049,06591","467,2989463",,,,,,,,,,,,,
Controle Grupo A (Dessecador),Dessecador,A,21,10,6/16/25 16:30,"151,00","12,65","50,19","28,78","18,84",1,"27213,78089","464,8380191",,,,,,,,,,,,,
Controle Grupo A (Dessecador),Dessecador,A,21,11,6/17/25 9:30,"168,00","12,63","50,19","28,99","18,82",0,"27383,25244","461,2308208",,,,,,,,,,,,,
Controle Grupo A (Dessecador),Dessecador,A,22,1,6/10/25 9:30,"0,00","13,49","50,43","30,77","19,01",0,"29498,40821","457,3128117",,,,,,,,,,,,,
Controle Grupo A (Dessecador),Dessecador,A,22,2,6/10/25 16:30,"7,00","13,34","50,36","30,70","19,00",0,"29374,988","454,1278451",,,,,,,,,,,,,
Controle Grupo A (Dessecador),Dessecador,A,22,3,6/11/25 9:30,"24,00","12,69","50,29","30,35","18,91",0,"28862,36137","439,6729651",,,,,,,,,,,,,
Controle Grupo A (Dessecador),Dessecador,A,22,4,6/11/25 16:30,"31,00","12,66","50,23","30,30","18,90",0,"28765,2141","440,1149234",,,,,,,,,,,,,
Controle Grupo A (Dessecador),Dessecador,A,22,5,6/12/25 9:30,"48,00","12,58","50,24","30,32","18,88",0,"28759,46598","437,4211958",,,,,,,,,,,,,
Controle Grupo A (Dessecador),Dessecador,A,22,6,6/12/25 16:30,"55,00","12,48","50,26","30,23","18,86",0,"28655,12583","435,5241738",,,,,,,,,,,,,
Controle Grupo A (Dessecador),Dessecador,A,22,7,6/13/25 9:30,"72,00","12,40","50,26","30,21","18,84",0,"28605,80066","433,4785153",,,,,,,,,,,,,
Controle Grupo A (Dessecador),Dessecador,A,22,8,6/13/25 16:30,"79,00","12,41","50,27","30,23","18,86",0,"28660,82721","432,9951788","12,88702929","13,88","16,34","8,36","3621,757925","1850,0612","2255,980861","5679,654252","2203,707159","1482,024048","5,679654252","2,203707159","1,482024048"
Controle Grupo A (Dessecador),Dessecador,A,22,9,6/16/25 9:30,"144,00","11,93","50,49","30,17","19,18",1,"29216,57369","408,329879",,,,,,,,,,,,,
Controle Grupo A (Dessecador),Dessecador,A,22,10,6/16/25 16:30,"151,00","11,94","50,45","30,17","19,16",1,"29162,98574","409,4230991",,,,,,,,,,,,,
Controle Grupo A (Dessecador),Dessecador,A,22,11,6/17/25 9:30,"168,00","11,95","50,47","30,18","19,17",0,"29199,44878","409,254301",,,,,,,,,,,,,
Controle Grupo A (Dessecador),Dessecador,A,23,1,6/10/25 9:30,"0,00","13,16","50,94","30,69","18,76",0,"29328,41974","448,7115269",,,,,,,,,,,,,
Controle Grupo A (Dessecador),Dessecador,A,23,2,6/10/25 16:30,"7,00","12,99","50,98","30,65","18,76",0,"29313,19412","443,1451566",,,,,,,,,,,,,
Controle Grupo A (Dessecador),Dessecador,A,23,3,6/11/25 9:30,"24,00","12,40","50,83","30,36","18,70",0,"28857,81756","429,6929237",,,,,,,,,,,,,
Controle Grupo A (Dessecador),Dessecador,A,23,4,6/11/25 16:30,"31,00","12,33","50,87","30,30","18,66",0,"28761,79626","428,6936702",,,,,,,,,,,,,
Controle Grupo A (Dessecador),Dessecador,A,23,5,6/12/25 9:30,"48,00","12,30","50,84","30,27","18,64",0,"28685,59555","428,7866354",,,,,,,,,,,,,
Controle Grupo A (Dessecador),Dessecador,A,23,6,6/12/25 16:30,"55,00","12,17","50,77","30,22","18,63",0,"28583,43892","425,7710219",,,,,,,,,,,,,
Controle Grupo A (Dessecador),Dessecador,A,23,7,6/13/25 9:30,"72,00","12,08","50,75","30,20","18,61",0,"28522,6165","423,5235572",,,,,,,,,,,,,
Controle Grupo A (Dessecador),Dessecador,A,23,8,6/13/25 16:30,"79,00","12,14","50,76","30,19","18,60",0,"28503,46584","425,9131177","11,05485232","13,28","15,89","8,12","3822,289157","1899,937067","2290,640394","6222,545671","2234,78036","1537,444502","6,222545671","2,23478036","1,537444502"
Controle Grupo A (Dessecador),Dessecador,A,23,9,6/16/25 9:30,"144,00","11,83","51,00","30,17","18,85",1,"29003,9295","407,8757673",,,,,,,,,,,,,
Controle Grupo A (Dessecador),Dessecador,A,23,10,6/16/25 16:30,"151,00","11,83","50,97","30,13","18,88",1,"28994,50877","408,008292",,,,,,,,,,,,,
Controle Grupo A (Dessecador),Dessecador,A,23,11,6/17/25 9:30,"168,00","11,85","50,84","30,15","18,88",0,"28939,75488","409,4713327",,,,,,,,,,,,,
Controle Grupo A (Dessecador),Dessecador,A,24,1,6/10/25 9:30,"0,00","12,82","50,06","30,37","19,27",0,"29296,60879","437,5933095",,,,,,,,,,,,,
Controle Grupo A (Dessecador),Dessecador,A,24,2,6/10/25 16:30,"7,00","12,67","50,10","30,23","19,21",0,"29093,98683","435,4851769",,,,,,,,,,,,,
Controle Grupo A (Dessecador),Dessecador,A,24,3,6/11/25 9:30,"24,00","12,04","50,05","29,95","19,14",0,"28690,81215","419,6465383",,,,,,,,,,,,,
Controle Grupo A (Dessecador),Dessecador,A,24,4,6/11/25 16:30,"31,00","11,99","50,05","29,86","19,10",0,"28544,8163","420,0412388",,,,,,,,,,,,,
Controle Grupo A (Dessecador),Dessecador,A,24,5,6/12/25 9:30,"48,00","11,96","50,06","29,81","19,06",0,"28443,02072","420,4897968",,,,,,,,,,,,,
Controle Grupo A (Dessecador),Dessecador,A,24,6,6/12/25 16:30,"55,00","11,83","50,04","29,80","19,08",0,"28451,94336","415,7888215",,,,,,,,,,,,,
Controle Grupo A (Dessecador),Dessecador,A,24,7,6/13/25 9:30,"72,00","11,79","50,02","29,78","19,06",0,"28391,69214","415,2623219",,,,,,,,,,,,,
Controle Grupo A (Dessecador),Dessecador,A,24,8,6/13/25 16:30,"79,00","11,83","50,03","29,78","19,04",0,"28367,57034","417,0254928","12,45614035","11,79","15,61","8,44","4243,426633","1907,751441","2255,924171","7509,240259","2122,323579","1517,770771","7,509240259","2,122323579","1,517770771"
Controle Grupo A (Dessecador),Dessecador,A,24,9,6/16/25 9:30,"144,00","11,40","50,04","29,75","19,29",1,"28716,8301","396,9797488",,,,,,,,,,,,,
Controle Grupo A (Dessecador),Dessecador,A,24,10,6/16/25 16:30,"151,00","11,40","50,02","29,70","19,18",1,"28493,69292","400,08854",,,,,,,,,,,,,
Controle Grupo A (Dessecador),Dessecador,A,24,11,6/17/25 9:30,"168,00","11,40","50,00","29,69","19,13",0,"28398,485","401,429865",,,,,,,,,,,,,
Controle Grupo B (Dessecador),Dessecador,B,7,1,6/5/25 9:30,"0,00","12,68","50,24","30,58","19,03",0,"29236,53498","433,7039259",,,,,,,,,,,,,
Controle Grupo B (Dessecador),Dessecador,B,7,2,6/5/25 16:30,"7,00","12,37","50,13","30,47","18,94",0,"28930,11323","427,5821494",,,,,,,,,,,,,
Controle Grupo B (Dessecador),Dessecador,B,7,3,6/6/25 9:30,"24,00","12,25","50,11","30,33","18,88",0,"28694,50934","426,9109415",,,,,,,,,,,,,
Controle Grupo B (Dessecador),Dessecador,B,7,4,6/6/25 16:30,"31,00","12,20","50,11","30,32","18,87",0,"28669,85522","425,5340637",,,,,,,,,,,,,
Controle Grupo B (Dessecador),Dessecador,B,7,5,6/9/25 9:30,"96,00","12,09","50,13","30,23","18,79",0,"28474,92782","424,5840438",,,,,,,,,,,,,
Controle Grupo B (Dessecador),Dessecador,B,7,6,6/9/25 16:30,"103,00","12,06","50,15","30,22","18,81",0,"28507,17573","423,0513789",,,,,,,,,,,,,
Controle Grupo B (Dessecador),Dessecador,B,7,7,6/10/25 9:30,"120,00","12,05","50,17","30,22","18,82",0,"28533,70587","422,3075704","13,51835273","12,76","15,91","8,14","3931,818182","1899,434318","2312,039312","6528,534749","2257,456005","1523,622676","6,528534749","2,257456005","1,523622676"
Controle Grupo B (Dessecador),Dessecador,B,7,8,6/10/25 16:30,"127,00","11,20","50,06","29,75","18,78",1,"27968,7723","400,4466081",,,,,,,,,,,,,
Controle Grupo B (Dessecador),Dessecador,B,7,9,6/11/25 9:30,"144,00","11,18","50,03","29,72","18,85",1,"28027,90666","398,8881559",,,,,,,,,,,,,
Controle Grupo B (Dessecador),Dessecador,B,7,10,6/11/25 16:30,"151,00","11,13","50,05","29,74","18,84",1,"28043,09508","396,8891439",,,,,,,,,,,,,
Controle Grupo B (Dessecador),Dessecador,B,7,11,6/12/25 9:30,"168,00","11,17","50,01","29,68","18,81",1,"27919,62281","400,0770382",,,,,,,,,,,,,
Controle Grupo B (Dessecador),Dessecador,B,8,1,6/5/25 9:30,"0,00","14,04","49,86","30,58","19,41",0,"29594,79191","474,4077959",,,,,,,,,,,,,
Controle Grupo B (Dessecador),Dessecador,B,8,2,6/5/25 16:30,"7,00","13,76","49,65","30,59","19,47",0,"29570,90945","465,3221784",,,,,,,,,,,,,
Controle Grupo B (Dessecador),Dessecador,B,8,3,6/6/25 9:30,"24,00","13,68","49,78","30,36","19,32",0,"29198,71786","468,5137227",,,,,,,,,,,,,
Controle Grupo B (Dessecador),Dessecador,B,8,4,6/6/25 16:30,"31,00","13,61","49,73","30,34","19,31",0,"29135,08634","467,134363",,,,,,,,,,,,,
Controle Grupo B (Dessecador),Dessecador,B,8,5,6/9/25 9:30,"96,00","13,46","49,73","30,33","19,20",0,"28959,56928","464,7859183",,,,,,,,,,,,,
Controle Grupo B (Dessecador),Dessecador,B,8,6,6/9/25 16:30,"103,00","13,47","49,74","30,35","19,21",0,"28999,58889","464,4893433",,,,,,,,,,,,,
Controle Grupo B (Dessecador),Dessecador,B,8,7,6/10/25 9:30,"120,00","13,44","49,76","30,33","19,22",0,"29007,22378","463,3328616","11,87250996","11,54","16,44","8,73","4311,958406","1844,890511","2201,603666","8614,741081","2245,801578","1577,009457","8,614741081","2,245801578","1,577009457"
Controle Grupo B (Dessecador),Dessecador,B,8,8,6/10/25 16:30,"127,00","12,61","50,45","29,99","19,26",1,"29140,29333","432,7341478",,,,,,,,,,,,,
Controle Grupo B (Dessecador),Dessecador,B,8,9,6/11/25 9:30,"144,00","12,57","50,34","30,02","19,23",1,"29060,50676","432,545795",,,,,,,,,,,,,
Controle Grupo B (Dessecador),Dessecador,B,8,10,6/11/25 16:30,"151,00","12,57","50,34","30,02","19,24",1,"29075,61883","432,3209791",,,,,,,,,,,,,
Controle Grupo B (Dessecador),Dessecador,B,8,11,6/12/25 9:30,"168,00","12,55","50,36","29,98","19,18",1,"28957,8259","433,3888891",,,,,,,,,,,,,
Controle Grupo B (Dessecador),Dessecador,B,9,1,6/5/25 9:30,"0,00","14,40","49,80","30,38","19,69",0,"29789,47356","483,3922282",,,,,,,,,,,,,
Controle Grupo B (Dessecador),Dessecador,B,9,2,6/5/25 16:30,"7,00","14,04","49,71","30,23","18,55",0,"27875,70272","503,6644329",,,,,,,,,,,,,
Controle Grupo B (Dessecador),Dessecador,B,9,3,6/6/25 9:30,"24,00","13,85","49,76","30,06","18,48",0,"27642,11789","501,0469913",,,,,,,,,,,,,
Controle Grupo B (Dessecador),Dessecador,B,9,4,6/6/25 16:30,"31,00","13,84","49,76","30,01","18,44",0,"27536,40774","502,6073164",,,,,,,,,,,,,
Controle Grupo B (Dessecador),Dessecador,B,9,5,6/9/25 9:30,"96,00","13,67","49,76","30,00","18,37",0,"27422,736","498,4914707",,,,,,,,,,,,,
Controle Grupo B (Dessecador),Dessecador,B,9,6,6/9/25 16:30,"103,00","13,67","49,78","29,97","18,38",0,"27421,24331","498,5186064",,,,,,,,,,,,,
Controle Grupo B (Dessecador),Dessecador,B,9,7,6/10/25 9:30,"120,00","13,63","49,77","29,86","18,39",0,"27329,97116","498,7198823","12,06225681","9,62","16,18","8,89","5173,596674","1845,488257","2068,616423","13348,78751","2134,109107","1698,553594","13,34878751","2,134109107","1,698553594"
Controle Grupo B (Dessecador),Dessecador,B,9,8,6/10/25 16:30,"127,00","12,92","49,96","29,47","18,23",1,"26840,41548","481,3636365",,,,,,,,,,,,,
Controle Grupo B (Dessecador),Dessecador,B,9,9,6/11/25 9:30,"144,00","12,86","49,95","29,45","18,24",1,"26831,5416","479,2866616",,,,,,,,,,,,,
Controle Grupo B (Dessecador),Dessecador,B,9,10,6/11/25 16:30,"151,00","12,85","49,98","29,37","18,23",1,"26760,0467","480,1934819",,,,,,,,,,,,,
Controle Grupo B (Dessecador),Dessecador,B,9,11,6/12/25 9:30,"168,00","12,85","49,92","29,38","18,21",1,"26707,68922","481,1348483",,,,,,,,,,,,,
Controle Grupo B (Dessecador),Dessecador,B,10,1,6/5/25 9:30,"0,00","14,14","50,28","30,65","19,26",0,"29681,23932","476,395202",,,,,,,,,,,,,
Controle Grupo B (Dessecador),Dessecador,B,10,2,6/5/25 16:30,"7,00","13,82","50,13","30,49","19,20",0,"29346,50304","470,9249338",,,,,,,,,,,,,
Controle Grupo B (Dessecador),Dessecador,B,10,3,6/6/25 9:30,"24,00","13,64","50,12","30,30","19,15",0,"29081,8794","469,0205819",,,,,,,,,,,,,
Controle Grupo B (Dessecador),Dessecador,B,10,4,6/6/25 16:30,"31,00","13,59","50,16","30,28","19,14",0,"29070,68947","467,4811725",,,,,,,,,,,,,
Controle Grupo B (Dessecador),Dessecador,B,10,5,6/9/25 9:30,"96,00","13,46","50,15","30,17","19,12",0,"28929,04756","465,2762927",,,,,,,,,,,,,
Controle Grupo B (Dessecador),Dessecador,B,10,6,6/9/25 16:30,"103,00","13,44","50,13","30,19","19,10",0,"28906,41177","464,9487493",,,,,,,,,,,,,
Controle Grupo B (Dessecador),Dessecador,B,10,7,6/10/25 9:30,"120,00","13,44","50,15","30,19","19,10",0,"28917,94435","464,7633261","12,57961783","9,92","17,16","9,1","5055,443548","1759,324009","2098,901099","11878,19311","2047,461768","1438,545193","11,87819311","2,047461768","1,438545193"
Controle Grupo B (Dessecador),Dessecador,B,10,8,6/10/25 16:30,"127,00","12,61","50,09","29,72","19,17",1,"28537,89592","441,868596",,,,,,,,,,,,,
Controle Grupo B (Dessecador),Dessecador,B,10,9,6/11/25 9:30,"144,00","12,56","50,06","29,65","19,06",1,"28290,35774","443,9675212",,,,,,,,,,,,,
Controle Grupo B (Dessecador),Dessecador,B,10,10,6/11/25 16:30,"151,00","12,57","50,22","29,69","19,08",1,"28448,88674","441,8450575",,,,,,,,,,,,,
Controle Grupo B (Dessecador),Dessecador,B,10,11,6/12/25 9:30,"168,00","12,56","50,23","29,69","19,08",1,"28454,5516","441,4056555",,,,,,,,,,,,,
Controle Grupo B (Dessecador),Dessecador,B,11,1,6/5/25 9:30,"0,00","12,44","50,03","30,38","18,05",0,"27434,40077","453,4452968",,,,,,,,,,,,,
Controle Grupo B (Dessecador),Dessecador,B,11,2,6/5/25 16:30,"7,00","12,16","49,95","30,23","17,88",0,"26998,59438","450,3938179",,,,,,,,,,,,,
Controle Grupo B (Dessecador),Dessecador,B,11,3,6/6/25 9:30,"24,00","12,07","49,95","30,30","17,84",0,"27000,5724","447,0275601",,,,,,,,,,,,,
Controle Grupo B (Dessecador),Dessecador,B,11,4,6/6/25 16:30,"31,00","12,04","49,97","30,18","17,84",0,"26904,40766","447,5103169",,,,,,,,,,,,,
Controle Grupo B (Dessecador),Dessecador,B,11,5,6/9/25 9:30,"96,00","11,94","49,91","30,12","17,84",0,"26818,67933","445,2120798",,,,,,,,,,,,,
Controle Grupo B (Dessecador),Dessecador,B,11,6,6/9/25 16:30,"103,00","11,93","49,92","30,14","17,84",0,"26841,86419","444,4549721",,,,,,,,,,,,,
Controle Grupo B (Dessecador),Dessecador,B,11,7,6/10/25 9:30,"120,00","11,91","49,94","30,14","17,82",0,"26822,51431","444,0299616","12,47739602","11,49","17,57","8,57","4346,388164","1715,424018","2079,346558","8388,209998","1919,8444","1306,637893","8,388209998","1,9198444","1,306637893"
Controle Grupo B (Dessecador),Dessecador,B,11,8,6/10/25 16:30,"127,00","11,10","49,87","29,65","17,85",1,"26393,82218","420,5529584",,,,,,,,,,,,,
Controle Grupo B (Dessecador),Dessecador,B,11,9,6/11/25 9:30,"144,00","11,06","49,84","29,64","17,82",1,"26324,73043","420,1372557",,,,,,,,,,,,,
Controle Grupo B (Dessecador),Dessecador,B,11,10,6/11/25 16:30,"151,00","11,04","49,87","29,69","17,86",1,"26444,23576","417,4822862",,,,,,,,,,,,,
Controle Grupo B (Dessecador),Dessecador,B,11,11,6/12/25 9:30,"168,00","11,06","49,87","29,69","17,81",1,"26370,20374","419,4127625",,,,,,,,,,,,,
Controle Grupo B (Dessecador),Dessecador,B,12,1,6/5/25 9:30,"0,00","14,83","50,08","30,26","19,02",0,"28823,30362","514,5142346",,,,,,,,,,,,,
Controle Grupo B (Dessecador),Dessecador,B,12,2,6/5/25 16:30,"7,00","14,51","50,08","30,21","18,90",0,"28594,12752","507,4468522",,,,,,,,,,,,,
Controle Grupo B (Dessecador),Dessecador,B,12,3,6/6/25 9:30,"24,00","14,35","50,08","29,94","18,86",0,"28278,59347","507,450981",,,,,,,,,,,,,
Controle Grupo B (Dessecador),Dessecador,B,12,4,6/6/25 16:30,"31,00","14,30","50,08","29,91","18,80",0,"28160,38464","507,8055638",,,,,,,,,,,,,
Controle Grupo B (Dessecador),Dessecador,B,12,5,6/9/25 9:30,"96,00","14,19","50,10","29,75","18,75",0,"27946,40625","507,7575941",,,,,,,,,,,,,
Controle Grupo B (Dessecador),Dessecador,B,12,6,6/9/25 16:30,"103,00","14,13","50,10","29,75","18,77",0,"27976,21575","505,0718841",,,,,,,,,,,,,
Controle Grupo B (Dessecador),Dessecador,B,12,7,6/10/25 9:30,"120,00","14,11","50,08","29,76","18,77",0,"27974,44762","504,3888692","13,37920489","9,61","16,3","8,95","5211,238293","1825,766871","2097,206704","13697,69082","2218,441437","1681,342299","13,69769082","2,218441437","1,681342299"
Controle Grupo B (Dessecador),Dessecador,B,12,8,6/10/25 16:30,"127,00","13,17","50,15","29,17","18,53",1,"27107,08302","485,8508749",,,,,,,,,,,,,
Controle Grupo B (Dessecador),Dessecador,B,12,9,6/11/25 9:30,"144,00","13,09","50,11","29,17","18,53",1,"27085,46221","483,2850884",,,,,,,,,,,,,
Controle Grupo B (Dessecador),Dessecador,B,12,10,6/11/25 16:30,"151,00","13,08","50,13","29,19","18,60",1,"27217,28142","480,5770201",,,,,,,,,,,,,
Controle Grupo B (Dessecador),Dessecador,B,12,11,6/12/25 9:30,"168,00","13,08","50,13","29,18","18,56",1,"27149,4455","481,7777954",,,,,,,,,,,,,
Controle Grupo B (Dessecador),Dessecador,B,31,1,6/5/25 9:30,"0,00","13,42","50,03","30,61","19,20",0,"29403,23136","456,4124207",,,,,,,,,,,,,
Controle Grupo B (Dessecador),Dessecador,B,31,2,6/5/25 16:30,"7,00","13,11","49,86","30,61","19,35",0,"29532,25251","443,9214379",,,,,,,,,,,,,
Controle Grupo B (Dessecador),Dessecador,B,31,3,6/6/25 9:30,"24,00","12,97","49,90","30,38","19,13",0,"29000,35306","447,2359344",,,,,,,,,,,,,
Controle Grupo B (Dessecador),Dessecador,B,31,4,6/6/25 16:30,"31,00","12,94","49,88","30,36","19,19",0,"29060,50699","445,2778475",,,,,,,,,,,,,
Controle Grupo B (Dessecador),Dessecador,B,31,5,6/9/25 9:30,"96,00","12,68","49,90","30,19","19,05",0,"28698,46305","441,835508",,,,,,,,,,,,,
Controle Grupo B (Dessecador),Dessecador,B,31,6,6/9/25 16:30,"103,00","12,80","49,92","30,21","19,07",0,"28759,14662","445,0757934",,,,,,,,,,,,,
Controle Grupo B (Dessecador),Dessecador,B,31,7,6/10/25 9:30,"120,00","12,76","49,90","30,23","19,06",0,"28751,57162","443,8018265","12,48952221","13,62","16,42","8,53","3663,729809","1841,047503","2234,466589","5957,114689","2215,831927","1504,246723","5,957114689","2,215831927","1,504246723"
Controle Grupo B (Dessecador),Dessecador,B,31,8,6/10/25 16:30,"127,00","11,99","49,87","30,08","19,07",1,"28606,70867","419,1324538",,,,,,,,,,,,,
Controle Grupo B (Dessecador),Dessecador,B,31,9,6/11/25 9:30,"144,00","11,93","49,83","30,03","19,08",1,"28551,21469","417,8456198",,,,,,,,,,,,,
Controle Grupo B (Dessecador),Dessecador,B,31,10,6/11/25 16:30,"151,00","11,92","49,89","30,05","19,05",1,"28559,65523","417,3719853",,,,,,,,,,,,,
Controle Grupo B (Dessecador),Dessecador,B,31,11,6/12/25 9:30,"168,00","11,93","49,91","30,04","19,01",1,"28501,62456","418,5726316",,,,,,,,,,,,,
Controle Grupo B (Dessecador),Dessecador,B,32,1,6/5/25 9:30,"0,00","13,26","50,77","30,55","19,02",0,"29500,46697","449,4844103",,,,,,,,,,,,,
Controle Grupo B (Dessecador),Dessecador,B,32,2,6/5/25 16:30,"7,00","12,98","50,62","30,49","18,86",0,"29108,59567","445,9163935",,,,,,,,,,,,,
Controle Grupo B (Dessecador),Dessecador,B,32,3,6/6/25 9:30,"24,00","12,82","50,64","30,37","18,87",0,"29020,86742","441,7510964",,,,,,,,,,,,,
Controle Grupo B (Dessecador),Dessecador,B,32,4,6/6/25 16:30,"31,00","12,82","50,60","30,32","18,83",0,"28888,83536","443,770053",,,,,,,,,,,,,
Controle Grupo B (Dessecador),Dessecador,B,32,5,6/9/25 9:30,"96,00","12,56","50,58","30,21","18,79",0,"28711,52962","437,4549237",,,,,,,,,,,,,
Controle Grupo B (Dessecador),Dessecador,B,32,6,6/9/25 16:30,"103,00","12,66","50,59","30,22","18,80",0,"28742,00024","440,4703881",,,,,,,,,,,,,
Controle Grupo B (Dessecador),Dessecador,B,32,7,6/10/25 9:30,"120,00","12,62","50,58","30,21","18,79",0,"28711,52962","439,5446765","11,99324324","13,29","16,22","8,34","3805,869074","1862,515413","2252,997602","6366,646145","2231,127984","1524,764512","6,366646145","2,231127984","1,524764512"
Controle Grupo B (Dessecador),Dessecador,B,32,8,6/10/25 16:30,"127,00","11,95","50,59","30,01","18,84",1,"28602,99916","417,7883562",,,,,,,,,,,,,
Controle Grupo B (Dessecador),Dessecador,B,32,9,6/11/25 9:30,"144,00","11,82","50,49","29,99","18,83",1,"28512,29373","414,5580188",,,,,,,,,,,,,
Controle Grupo B (Dessecador),Dessecador,B,32,10,6/11/25 16:30,"151,00","11,85","50,65","29,94","18,85",1,"28585,28985","414,5488838",,,,,,,,,,,,,
Controle Grupo B (Dessecador),Dessecador,B,32,11,6/12/25 9:30,"168,00","11,84","50,54","29,96","18,81",1,"28481,6957","415,7055859",,,,,,,,,,,,,
Controle Grupo B (Dessecador),Dessecador,B,33,1,6/5/25 9:30,"0,00","13,96","50,21","30,38","19,51",0,"29760,1599","469,0835012",,,,,,,,,,,,,
Controle Grupo B (Dessecador),Dessecador,B,33,2,6/5/25 16:30,"7,00","13,69","50,23","30,25","19,40",0,"29477,4755","464,4224028",,,,,,,,,,,,,
Controle Grupo B (Dessecador),Dessecador,B,33,3,6/6/25 9:30,"24,00","13,53","50,17","30,12","19,38",0,"29285,51335","462,0031699",,,,,,,,,,,,,
Controle Grupo B (Dessecador),Dessecador,B,33,4,6/6/25 16:30,"31,00","13,50","50,21","30,14","19,36",0,"29298,05718","460,7814066",,,,,,,,,,,,,
Controle Grupo B (Dessecador),Dessecador,B,33,5,6/9/25 9:30,"96,00","13,27","50,16","29,97","19,28",0,"28983,53146","457,846209",,,,,,,,,,,,,
Controle Grupo B (Dessecador),Dessecador,B,33,6,6/9/25 16:30,"103,00","13,38","50,18","29,98","19,28",0,"29004,76259","461,3035517",,,,,,,,,,,,,
Controle Grupo B (Dessecador),Dessecador,B,33,7,6/10/25 9:30,"120,00","13,34","50,18","29,99","19,30",0,"29044,53526","459,2946618","12,03852327","11,7","16,75","8,97","4288,888889","1790,447761","2151,616499","8448,526844","2126,283308","1472,362361","8,448526844","2,126283308","1,472362361"
Controle Grupo B (Dessecador),Dessecador,B,33,8,6/10/25 16:30,"127,00","12,53","50,40","29,97","19,23",1,"29046,68424","431,3745382",,,,,,,,,,,,,
Controle Grupo B (Dessecador),Dessecador,B,33,9,6/11/25 9:30,"144,00","12,49","50,29","29,89","19,21",1,"28875,8592","432,5412419",,,,,,,,,,,,,
Controle Grupo B (Dessecador),Dessecador,B,33,10,6/11/25 16:30,"151,00","12,47","50,32","29,88","19,18",1,"28838,31149","432,4108922",,,,,,,,,,,,,
Controle Grupo B (Dessecador),Dessecador,B,33,11,6/12/25 9:30,"168,00","12,46","50,29","29,83","19,16",1,"28742,88741","433,4985494",,,,,,,,,,,,,
Controle Grupo B (Dessecador),Dessecador,B,34,1,6/5/25 9:30,"0,00","13,92","50,67","30,22","19,24",0,"29461,19998","472,4858462",,,,,,,,,,,,,
Controle Grupo B (Dessecador),Dessecador,B,34,2,6/5/25 16:30,"7,00","13,64","50,63","30,07","19,02",0,"28956,88678","471,0451128",,,,,,,,,,,,,
Controle Grupo B (Dessecador),Dessecador,B,34,3,6/6/25 9:30,"24,00","13,47","50,64","29,94","18,98",0,"28776,74717","468,0862615",,,,,,,,,,,,,
Controle Grupo B (Dessecador),Dessecador,B,34,4,6/6/25 16:30,"31,00","13,44","50,64","30,07","18,99",0,"28916,92375","464,7797295",,,,,,,,,,,,,
Controle Grupo B (Dessecador),Dessecador,B,34,5,6/9/25 9:30,"96,00","13,19","50,65","29,80","18,90",0,"28527,093","462,3674764",,,,,,,,,,,,,
Controle Grupo B (Dessecador),Dessecador,B,34,6,6/9/25 16:30,"103,00","13,29","50,65","29,81","18,92",0,"28566,86338","465,2243343",,,,,,,,,,,,,
Controle Grupo B (Dessecador),Dessecador,B,34,7,6/10/25 9:30,"120,00","13,25","50,67","29,81","18,92",0,"28578,14348","463,6410342","11,62790698","10,98","17,4","8,77","4614,754098","1713,218391","2157,354618","9873,67878","2157,868341","1360,840799","9,87367878","2,157868341","1,360840799"
Controle Grupo B (Dessecador),Dessecador,B,34,8,6/10/25 16:30,"127,00","12,54","50,86","29,80","18,79",1,"28478,65012","440,3298593",,,,,,,,,,,,,
Controle Grupo B (Dessecador),Dessecador,B,34,9,6/11/25 9:30,"144,00","12,48","50,79","29,75","18,80",1,"28406,847","439,3307008",,,,,,,,,,,,,
Controle Grupo B (Dessecador),Dessecador,B,34,10,6/11/25 16:30,"151,00","12,50","50,79","29,76","18,81",1,"28431,51062","439,6530373",,,,,,,,,,,,,
Controle Grupo B (Dessecador),Dessecador,B,34,11,6/12/25 9:30,"168,00","12,47","50,75","29,72","18,81",1,"28370,9349","439,5343348",,,,,,,,,,,,,
Controle Grupo B (Dessecador),Dessecador,B,35,1,6/5/25 9:30,"0,00","13,14","50,27","30,75","19,03",0,"29416,62158","446,6862371",,,,,,,,,,,,,
Controle Grupo B (Dessecador),Dessecador,B,35,2,6/5/25 16:30,"7,00","12,84","50,33","30,64","18,94",0,"29207,58613","439,6118167",,,,,,,,,,,,,
Controle Grupo B (Dessecador),Dessecador,B,35,3,6/6/25 9:30,"24,00","12,69","50,27","30,55","19,01",0,"29194,57899","434,6697381",,,,,,,,,,,,,
Controle Grupo B (Dessecador),Dessecador,B,35,4,6/6/25 16:30,"31,00","12,66","50,24","30,60","18,91",0,"29071,17504","435,4829133",,,,,,,,,,,,,
Controle Grupo B (Dessecador),Dessecador,B,35,5,6/9/25 9:30,"96,00","12,43","50,21","30,44","18,85",0,"28810,19674","431,4444678",,,,,,,,,,,,,
Controle Grupo B (Dessecador),Dessecador,B,35,6,6/9/25 16:30,"103,00","12,53","50,22","30,45","18,87",0,"28855,98513","434,2253416",,,,,,,,,,,,,
Controle Grupo B (Dessecador),Dessecador,B,35,7,6/10/25 9:30,"120,00","12,49","50,23","30,47","18,89",0,"28911,29801","432,0110427","12,11604096","13,53","16,61","8,41","3712,490761","1834,437086","2246,135553","5954,230064","2179,549678","1453,786031","5,954230064","2,179549678","1,453786031"
Controle Grupo B (Dessecador),Dessecador,B,35,8,6/10/25 16:30,"127,00","11,78","50,32","30,17","18,93",1,"28738,66279","409,9007697",,,,,,,,,,,,,
Controle Grupo B (Dessecador),Dessecador,B,35,9,6/11/25 9:30,"144,00","11,73","50,24","30,16","18,90",1,"28638,00576","409,5955598",,,,,,,,,,,,,
Controle Grupo B (Dessecador),Dessecador,B,35,10,6/11/25 16:30,"151,00","11,72","50,20","30,14","18,96",1,"28687,01088","408,5472707",,,,,,,,,,,,,
Controle Grupo B (Dessecador),Dessecador,B,35,11,6/12/25 9:30,"168,00","11,72","50,21","30,17","18,92",1,"28660,69144","408,9224443",,,,,,,,,,,,,
Controle Grupo B (Dessecador),Dessecador,B,36,1,6/5/25 9:30,"0,00","13,66","50,91","29,28","18,82",0,"28053,93514","486,9192124",,,,,,,,,,,,,
Controle Grupo B (Dessecador),Dessecador,B,36,2,6/5/25 16:30,"7,00","13,39","50,83","29,13","18,80",0,"27836,74452","481,0188918",,,,,,,,,,,,,
Controle Grupo B (Dessecador),Dessecador,B,36,3,6/6/25 9:30,"24,00","13,23","50,86","29,01","18,81",0,"27753,18817","476,701989",,,,,,,,,,,,,
Controle Grupo B (Dessecador),Dessecador,B,36,4,6/6/25 16:30,"31,00","13,19","50,80","28,99","18,69",0,"27524,61348","479,2074559",,,,,,,,,,,,,
Controle Grupo B (Dessecador),Dessecador,B,36,5,6/9/25 9:30,"96,00","12,92","50,80","28,75","18,66",0,"27252,93","474,0774662",,,,,,,,,,,,,
Controle Grupo B (Dessecador),Dessecador,B,36,6,6/9/25 16:30,"103,00","13,02","50,80","28,75","18,65",0,"27238,325","478,0029609",,,,,,,,,,,,,
Controle Grupo B (Dessecador),Dessecador,B,36,7,6/10/25 9:30,"120,00","12,98","50,81","28,76","18,65",0,"27253,16294","476,2749934","11,96721311","10,13","15,78","8,73","5015,794669","1822,560203","2136,311569","11982,21971","2173,636732","1582,054882","11,98221971","2,173636732","1,582054882"
Controle Grupo B (Dessecador),Dessecador,B,36,8,6/10/25 16:30,"127,00","12,27","51,16","28,31","18,57",1,"26895,66637","456,2073246",,,,,,,,,,,,,
Controle Grupo B (Dessecador),Dessecador,B,36,9,6/11/25 9:30,"144,00","12,20","50,92","28,28","18,59",1,"26769,92718","455,7352703",,,,,,,,,,,,,
Controle Grupo B (Dessecador),Dessecador,B,36,10,6/11/25 16:30,"151,00","12,20","50,87","28,38","18,63",1,"26895,95588","453,5997923",,,,,,,,,,,,,
Controle Grupo B (Dessecador),Dessecador,B,36,11,6/12/25 9:30,"168,00","12,20","50,88","28,29","18,57",1,"26729,56886","456,4233738",,,,,,,,,,,,,
Controle Grupo C (Dessecador),Dessecador,C,1,4,5/27/25 16:30,"0,00","13,38","49,93","30,69","19,22",0,"29451,79967","454,3016097",,,,,,,,,,,,,
Controle Grupo C (Dessecador),Dessecador,C,1,5,5/28/25 9:30,"15,00","13,09","49,77","30,63","19,18",0,"29239,04882","447,688982",,,,,,,,,,,,,
Controle Grupo C (Dessecador),Dessecador,C,1,6,5/28/25 16:30,"22,00","13,05","49,80","30,57","19,14",0,"29138,46804","447,8615685",,,,,,,,,,,,,
Controle Grupo C (Dessecador),Dessecador,C,1,7,5/29/25 9:30,"39,00","13,00","49,80","30,53","19,08",0,"29009,11752","448,1349697",,,,,,,,,,,,,
Controle Grupo C (Dessecador),Dessecador,C,1,8,5/29/25 16:30,"46,00","13,01","49,81","30,52","19,09",0,"29020,64091","448,3016085",,,,,,,,,,,,,
Controle Grupo C (Dessecador),Dessecador,C,1,9,5/30/25 9:30,"63,00","13,04","49,83","30,51","19,11",0,"29053,18716","448,8319965","8,666666667","17,47","16,48","8,57","2852,31826","1851,334951","2229,871645","3651,571206","2231,739704","1538,345233","3,651571206","2,231739704","1,538345233"
Controle Grupo C (Dessecador),Dessecador,C,1,10,5/30/25 16:30,"70,00","12,02","49,68","30,16","19,23",1,"28813,24742","417,1692216",,,,,,,,,,,,,
Controle Grupo C (Dessecador),Dessecador,C,1,11,6/2/25 9:30,"87,00","11,98","49,65","30,00","19,18",1,"28568,61","419,341368",,,,,,,,,,,,,
Controle Grupo C (Dessecador),Dessecador,C,1,12,6/2/25 16:30,"94,00","12,00","49,55","30,02","19,15",1,"28485,45265","421,2676606",,,,,,,,,,,,,
Controle Grupo C (Dessecador),Dessecador,C,1,13,6/3/25 9:30,"111,00","12,00",,,,1,,,,,,,,,,,,,,,
Controle Grupo C (Dessecador),Dessecador,C,2,4,5/27/25 16:30,"0,00","14,23","49,87","30,39","18,49",0,"28022,50656","507,8061083",,,,,,,,,,,,,
Controle Grupo C (Dessecador),Dessecador,C,2,5,5/28/25 9:30,"17,00","13,97","49,82","30,23","18,29",0,"27545,81179","507,1551387",,,,,,,,,,,,,
Controle Grupo C (Dessecador),Dessecador,C,2,6,5/28/25 16:30,"24,00","13,94","49,86","30,20","18,45",0,"27781,4934","501,7728817",,,,,,,,,,,,,
Controle Grupo C (Dessecador),Dessecador,C,2,7,5/29/25 9:30,"41,00","13,91","49,86","30,18","18,43",0,"27732,99956","501,5685364","9,098039216","9,28","17,23","8,81","5372,844828","1751,596053","2091,940976","14479,01043","2194,972779","1538,856776","14,47901043","2,194972779","1,538856776"
Controle Grupo C (Dessecador),Dessecador,C,2,8,5/29/25 16:30,"48,00","12,81","50,00","29,44","18,16",1,"26731,52","479,2095623",,,,,,,,,,,,,
Controle Grupo C (Dessecador),Dessecador,C,2,9,5/30/25 9:30,"65,00","12,78","49,93","29,62","18,11",1,"26783,36073","477,1619264",,,,,,,,,,,,,
Controle Grupo C (Dessecador),Dessecador,C,2,10,5/30/25 16:30,"72,00","12,76","49,94","29,40","18,10",1,"26575,0716","480,1492238",,,,,,,,,,,,,
Controle Grupo C (Dessecador),Dessecador,C,2,11,6/2/25 9:30,"89,00","12,76","49,84","29,36","18,02",1,"26368,70925","483,9068868",,,,,,,,,,,,,
Controle Grupo C (Dessecador),Dessecador,C,2,12,6/2/25 16:30,"96,00","12,75","49,88","29,35","18,02",1,"26380,88356","483,3045099",,,,,,,,,,,,,
Controle Grupo C (Dessecador),Dessecador,C,2,13,6/3/25 9:30,"113,00","12,75",,,,1,,,,,,,,,,,,,,,
Controle Grupo C (Dessecador),Dessecador,C,3,4,5/27/25 16:30,"0,00","14,34","49,56","30,30","17,00",0,"25528,356","561,7282993",,,,,,,,,,,,,
Controle Grupo C (Dessecador),Dessecador,C,3,5,5/28/25 9:30,"17,00","14,07","49,60","30,10","16,94",0,"25290,7424","556,3300506",,,,,,,,,,,,,
Controle Grupo C (Dessecador),Dessecador,C,3,6,5/28/25 16:30,"24,00","14,01","49,58","30,09","17,05",0,"25436,25051","550,7887255",,,,,,,,,,,,,
Controle Grupo C (Dessecador),Dessecador,C,3,7,5/29/25 9:30,"41,00","14,00","49,58","30,10","17,02",0,"25399,93316","551,1825528","7,941403238","9,39","17,27","8,41","5280,085197","1742,906775","2023,781213","15366,58357","2257,473089","1674,340483","15,36658357","2,257473089","1,674340483"
Controle Grupo C (Dessecador),Dessecador,C,3,8,5/29/25 16:30,"48,00","13,04","49,74","29,61","16,65",1,"24522,14331","531,7642848",,,,,,,,,,,,,
Controle Grupo C (Dessecador),Dessecador,C,3,9,5/30/25 9:30,"65,00","12,94","49,80","29,52","16,74",1,"24609,40704","525,8151884",,,,,,,,,,,,,
Controle Grupo C (Dessecador),Dessecador,C,3,10,5/30/25 16:30,"72,00","12,93","49,99","29,52","16,72",1,"24673,78426","524,0379775",,,,,,,,,,,,,
Controle Grupo C (Dessecador),Dessecador,C,3,11,6/2/25 9:30,"89,00","12,98","49,70","29,51","16,82",1,"24669,00254","526,1663895",,,,,,,,,,,,,
Controle Grupo C (Dessecador),Dessecador,C,3,12,6/2/25 16:30,"96,00","12,97","49,42","29,48","16,73",1,"24373,96377","532,1251859",,,,,,,,,,,,,
Controle Grupo C (Dessecador),Dessecador,C,3,13,6/3/25 9:30,"113,00","12,97",,,,1,,,,,,,,,,,,,,,
Controle Grupo C (Dessecador),Dessecador,C,4,4,5/27/25 16:30,"0,00","15,26","50,38","30,75","19,54",0,"30271,0749","504,1115999",,,,,,,,,,,,,
Controle Grupo C (Dessecador),Dessecador,C,4,5,5/28/25 9:30,"17,00","15,04","50,36","30,53","19,44",0,"29888,82115","503,1981664",,,,,,,,,,,,,
Controle Grupo C (Dessecador),Dessecador,C,4,6,5/28/25 16:30,"24,00","15,01","50,16","30,60","19,39",0,"29761,63344","504,3405978",,,,,,,,,,,,,
Controle Grupo C (Dessecador),Dessecador,C,4,7,5/29/25 9:30,"41,00","15,00","50,38","30,67","19,37",0,"29929,6446","501,1753464",,,,,,,,,,,,,
Controle Grupo C (Dessecador),Dessecador,C,4,8,5/29/25 16:30,"48,00","14,95","50,37","30,65","19,36",0,"29888,75208","500,1881631",,,,,,,,,,,,,
Controle Grupo C (Dessecador),Dessecador,C,4,9,5/30/25 9:30,"65,00","14,99","50,38","30,63","19,38",0,"29906,04157","501,2365132","7,997118156","14,47","17,28","9,35","3481,686247","1772,569444","2072,727273","6076,058747","2153,411479","1574,886345","6,076058747","2,153411479","1,574886345"
Controle Grupo C (Dessecador),Dessecador,C,4,10,5/30/25 16:30,"72,00","13,92","50,44","29,99","19,39",1,"29331,16768","474,5804923",,,,,,,,,,,,,
Controle Grupo C (Dessecador),Dessecador,C,4,11,6/2/25 9:30,"89,00","13,87","50,55","29,97","19,44",1,"29451,27924","470,9472851",,,,,,,,,,,,,
Controle Grupo C (Dessecador),Dessecador,C,4,12,6/2/25 16:30,"96,00","13,88","50,48","29,95","19,40",1,"29330,3944","473,2292314",,,,,,,,,,,,,
Controle Grupo C (Dessecador),Dessecador,C,4,13,6/3/25 9:30,"113,00","13,88",,,,1,,,,,,,,,,,,,,,
Controle Grupo C (Dessecador),Dessecador,C,5,4,5/27/25 16:30,"0,00","13,61","49,90","30,54","19,26",0,"29351,19996","463,694841",,,,,,,,,,,,,
Controle Grupo C (Dessecador),Dessecador,C,5,5,5/28/25 9:30,"17,00","13,33","49,91","30,31","19,24",0,"29105,7352","457,9853389",,,,,,,,,,,,,
Controle Grupo C (Dessecador),Dessecador,C,5,6,5/28/25 16:30,"24,00","13,28","49,88","30,26","19,26",0,"29070,44309","456,8213825",,,,,,,,,,,,,
Controle Grupo C (Dessecador),Dessecador,C,5,7,5/29/25 9:30,"41,00","13,25","49,81","30,21","19,23",0,"28936,53672","457,8986119",,,,,,,,,,,,,
Controle Grupo C (Dessecador),Dessecador,C,5,8,5/29/25 16:30,"48,00","13,21","49,81","30,19","19,22",0,"28902,34216","457,0563841",,,,,,,,,,,,,
Controle Grupo C (Dessecador),Dessecador,C,5,9,5/30/25 9:30,"65,00","13,23","49,81","30,21","19,22",0,"28921,48912","457,4453253","7,56097561","14,44","16,8","8,58","3449,445983","1798,214286","2240,09324","5442,994442","2295,46875","1479,183593","5,442994442","2,29546875","1,479183593"
Controle Grupo C (Dessecador),Dessecador,C,5,10,5/30/25 16:30,"72,00","12,32","49,92","29,84","19,14",1,"28511,18899","432,1110566",,,,,,,,,,,,,
Controle Grupo C (Dessecador),Dessecador,C,5,11,6/2/25 9:30,"89,00","12,30","49,83","29,75","19,07",1,"28270,17848","435,0874548",,,,,,,,,,,,,
Controle Grupo C (Dessecador),Dessecador,C,5,12,6/2/25 16:30,"96,00","12,30","49,80","29,74","19,00",1,"28139,988","437,1003996",,,,,,,,,,,,,
Controle Grupo C (Dessecador),Dessecador,C,5,13,6/3/25 9:30,"113,00","12,30",,,,1,,,,,,,,,,,,,,,
Controle Grupo C (Dessecador),Dessecador,C,6,4,5/27/25 16:30,"0,00","13,07","50,75","30,35","19,24",0,"29634,6505","441,0377642",,,,,,,,,,,,,
Controle Grupo C (Dessecador),Dessecador,C,6,5,5/28/25 9:30,"17,00","12,79","50,69","30,26","19,20",0,"29450,48448","434,2882715",,,,,,,,,,,,,
Controle Grupo C (Dessecador),Dessecador,C,6,6,5/28/25 16:30,"24,00","12,76","50,75","30,16","19,18",0,"29357,2916","434,6449997",,,,,,,,,,,,,
Controle Grupo C (Dessecador),Dessecador,C,6,7,5/29/25 9:30,"41,00","12,75","50,68","30,08","19,19",0,"29254,27994","435,8336636",,,,,,,,,,,,,
Controle Grupo C (Dessecador),Dessecador,C,6,8,5/29/25 16:30,"48,00","12,71","50,70","30,10","19,17",0,"29254,7619","434,4591846",,,,,,,,,,,,,
Controle Grupo C (Dessecador),Dessecador,C,6,9,5/30/25 9:30,"65,00","12,76","50,70","30,11","19,16",0,"29249,21532","436,2510194","6,957250629","12,25","16,07","8,64","4138,77551","1873,67766","2217,592593","7472,745575","2145,359014","1531,532483","7,472745575","2,145359014","1,531532483"
Controle Grupo C (Dessecador),Dessecador,C,6,10,5/30/25 16:30,"72,00","12,04","50,71","29,79","19,18",1,"28974,28426","415,5408945",,,,,,,,,,,,,
Controle Grupo C (Dessecador),Dessecador,C,6,11,6/2/25 9:30,"89,00","11,95","50,72","29,42","19,15",1,"28575,29296","418,1934378",,,,,,,,,,,,,
Controle Grupo C (Dessecador),Dessecador,C,6,12,6/2/25 16:30,"96,00","11,94","50,70","29,53","19,10",1,"28595,9661","417,5414098",,,,,,,,,,,,,
Controle Grupo C (Dessecador),Dessecador,C,6,13,6/3/25 9:30,"113,00","11,93","50,77","29,54","19,14",1,"28705,13461","415,6050881",,,,,,,,,,,,,
Controle Grupo C (Dessecador),Dessecador,C,25,1,5/26/25 9:30,"0,00","12,71","49,73","30,14","17,58",0,"26349,99748","482,3529874",,,,,,,,,,,,,
Controle Grupo C (Dessecador),Dessecador,C,25,2,5/26/25 16:30,"7,00","12,80","49,76","30,32","17,91",0,"27021,23251","473,7015602",,,,,,,,,,,,,
Controle Grupo C (Dessecador),Dessecador,C,25,3,5/27/25 9:30,"24,00","12,92","49,80","30,32","17,93",0,"27073,15248","477,225547",,,,,,,,,,,,,
Controle Grupo C (Dessecador),Dessecador,C,25,4,5/27/25 16:30,"31,00","12,93","49,70","30,23","17,98",0,"27013,70938","478,6458542",,,,,,,,,,,,,
Controle Grupo C (Dessecador),Dessecador,C,25,5,5/28/25 9:30,"48,00","13,01","49,67","30,32","17,96",0,"27047,65942","481,0028031",,,,,,,,,,,,,
Controle Grupo C (Dessecador),Dessecador,C,25,6,5/28/25 16:30,"55,00","12,97","49,82","30,29","18,00",0,"27162,8604","477,4902131",,,,,,,,,,,,,
Controle Grupo C (Dessecador),Dessecador,C,25,7,5/29/25 9:30,"72,00","13,02","49,71","30,35","17,96",0,"27096,22506","480,5097378",,,,,,,,,,,,,
Controle Grupo C (Dessecador),Dessecador,C,25,8,5/29/25 16:30,"79,00","13,05","49,71","30,35","17,95",0,"27081,13808","481,8852134",,,,,,,,,,,,,
Controle Grupo C (Dessecador),Dessecador,C,25,9,5/30/25 9:30,"96,00","12,66","49,72","30,38","17,93",0,"27083,15025","467,4493138","7,470288625","9,73","17,86","8,78","5109,969168","1701,007839","2042,14123","12205,93593","1949,422947","1352,530778","12,20593593","1,949422947","1,352530778"
Controle Grupo C (Dessecador),Dessecador,C,25,10,5/30/25 16:30,"103,00","11,79","49,73","29,81","17,71",1,"26254,21252","449,0707916",,,,,,,,,,,,,
Controle Grupo C (Dessecador),Dessecador,C,25,11,6/2/25 9:30,"168,00","11,79","49,87","29,79","17,58",1,"26117,32793","451,4244348",,,,,,,,,,,,,
Controle Grupo C (Dessecador),Dessecador,C,25,12,6/2/25 16:30,"175,00","11,78","49,75","29,72","17,65",1,"26096,7605","451,397023",,,,,,,,,,,,,
Controle Grupo C (Dessecador),Dessecador,C,25,13,6/3/25 9:30,"192,00","11,78",,,,1,,,,,,,,,,,,,,,
Controle Grupo C (Dessecador),Dessecador,C,26,1,5/26/25 9:30,"0,00","12,51","50,33","30,38","18,97",0,"29005,61184","431,2958496",,,,,,,,,,,,,
Controle Grupo C (Dessecador),Dessecador,C,26,2,5/26/25 16:30,"7,00","12,59","50,19","30,51","19,00",0,"29094,6411","432,7257366",,,,,,,,,,,,,
Controle Grupo C (Dessecador),Dessecador,C,26,3,5/27/25 9:30,"24,00","12,71","50,09","30,62","19,03",0,"29187,37287","435,4622821",,,,,,,,,,,,,
Controle Grupo C (Dessecador),Dessecador,C,26,4,5/27/25 16:30,"31,00","12,71","50,60","30,68","18,96",0,"29433,65568","431,8186004",,,,,,,,,,,,,
Controle Grupo C (Dessecador),Dessecador,C,26,5,5/28/25 9:30,"48,00","12,80","50,56","30,68","19,02",0,"29503,45882","433,8474373",,,,,,,,,,,,,
Controle Grupo C (Dessecador),Dessecador,C,26,6,5/28/25 16:30,"55,00","12,77","50,16","30,66","19,04",0,"29281,72262","436,1082223",,,,,,,,,,,,,
Controle Grupo C (Dessecador),Dessecador,C,26,7,5/29/25 9:30,"72,00","12,84","50,46","30,70","18,89",0,"29262,91458","438,7806268",,,,,,,,,,,,,
Controle Grupo C (Dessecador),Dessecador,C,26,8,5/29/25 16:30,"79,00","12,82","50,48","30,68","19,00",0,"29425,8016","435,6720736",,,,,,,,,,,,,
Controle Grupo C (Dessecador),Dessecador,C,26,9,5/30/25 9:30,"96,00","12,42","50,48","30,67","18,98",0,"29385,24597","422,6610869","10,49822064","13,18","16,61","8,38","3830,045524","1846,478025","2264,916468","6200,120605","2168,186542","1441,054987","6,200120605","2,168186542","1,441054987"
Controle Grupo C (Dessecador),Dessecador,C,26,10,5/30/25 16:30,"103,00","11,32","49,81","29,95","18,85",1,"28120,60908","402,551736",,,,,,,,,,,,,
Controle Grupo C (Dessecador),Dessecador,C,26,11,6/2/25 9:30,"168,00","11,26","49,66","29,90","18,78",1,"27885,18252","403,7986838",,,,,,,,,,,,,
Controle Grupo C (Dessecador),Dessecador,C,26,12,6/2/25 16:30,"175,00","11,26","49,62","29,90","18,80",1,"27892,3944","403,6942773",,,,,,,,,,,,,
Controle Grupo C (Dessecador),Dessecador,C,26,13,6/3/25 9:30,"192,00","11,24","50,02","29,86","18,74",1,"27990,01153","401,5718246",,,,,,,,,,,,,
Controle Grupo C (Dessecador),Dessecador,C,27,1,5/26/25 9:30,"0,00","13,93","49,80","29,70","18,33",0,"27111,1698","513,8103631",,,,,,,,,,,,,
Controle Grupo C (Dessecador),Dessecador,C,27,2,5/26/25 16:30,"7,00","14,00","49,85","29,85","18,36",0,"27320,0931","512,4433489",,,,,,,,,,,,,
Controle Grupo C (Dessecador),Dessecador,C,27,3,5/27/25 9:30,"24,00","14,13","49,88","29,76","18,42",0,"27343,1785","516,7650865",,,,,,,,,,,,,
Controle Grupo C (Dessecador),Dessecador,C,27,4,5/27/25 16:30,"31,00","14,13","49,79","29,87","18,44",0,"27424,47141","515,233267",,,,,,,,,,,,,
Controle Grupo C (Dessecador),Dessecador,C,27,5,5/28/25 9:30,"48,00","14,19","49,96","29,73","18,38",0,"27300,0125","519,7799817",,,,,,,,,,,,,
Controle Grupo C (Dessecador),Dessecador,C,27,6,5/28/25 16:30,"55,00","14,19","49,83","29,77","18,36",0,"27235,94188","521,0027274",,,,,,,,,,,,,
Controle Grupo C (Dessecador),Dessecador,C,27,7,5/29/25 9:30,"72,00","14,22","49,83","29,79","18,37",0,"27269,08381","521,469665","13,85108086","9,36","17,57","10,26","5323,717949","1695,503699","1790,448343","14779,47906","1671,678053","1499,085948","14,77947906","1,671678053","1,499085948"
Controle Grupo C (Dessecador),Dessecador,C,27,8,5/29/25 16:30,"79,00","12,56","49,79","29,00","18,18",1,"26250,2838","478,4710175",,,,,,,,,,,,,
Controle Grupo C (Dessecador),Dessecador,C,27,9,5/30/25 9:30,"96,00","12,45","49,78","28,91","18,15",1,"26120,38737","476,6391793",,,,,,,,,,,,,
Controle Grupo C (Dessecador),Dessecador,C,27,10,5/30/25 16:30,"103,00","12,46","49,81","29,07","18,16",1,"26295,25687","473,849716",,,,,,,,,,,,,
Controle Grupo C (Dessecador),Dessecador,C,27,11,6/2/25 9:30,"168,00","12,48","49,72","28,88","18,06",1,"25932,59962","481,2475488",,,,,,,,,,,,,
Controle Grupo C (Dessecador),Dessecador,C,27,12,6/2/25 16:30,"175,00","12,49","49,66","28,91","18,14",1,"26043,06468","479,5902537",,,,,,,,,,,,,
Controle Grupo C (Dessecador),Dessecador,C,27,13,6/3/25 9:30,"192,00","12,49",,,,1,,,,,,,,,,,,,,,
Controle Grupo C (Dessecador),Dessecador,C,28,1,5/26/25 9:30,"0,00","12,92","50,29","30,37","19,12",0,"29202,11558","442,4336986",,,,,,,,,,,,,
Controle Grupo C (Dessecador),Dessecador,C,28,2,5/26/25 16:30,"7,00","12,97","50,11","30,55","19,16",0,"29331,28718","442,189936",,,,,,,,,,,,,
Controle Grupo C (Dessecador),Dessecador,C,28,3,5/27/25 9:30,"24,00","13,13","50,37","30,54","19,23",0,"29581,50515","443,8584153",,,,,,,,,,,,,
Controle Grupo C (Dessecador),Dessecador,C,28,4,5/27/25 16:30,"31,00","13,14","50,37","30,61","19,22",0,"29633,88995","443,4112437",,,,,,,,,,,,,
Controle Grupo C (Dessecador),Dessecador,C,28,5,5/28/25 9:30,"48,00","13,18","50,35","30,65","19,16",0,"29568,2389","445,748563",,,,,,,,,,,,,
Controle Grupo C (Dessecador),Dessecador,C,28,6,5/28/25 16:30,"55,00","13,19","50,34","30,64","19,15",0,"29537,29704","446,5540629",,,,,,,,,,,,,
Controle Grupo C (Dessecador),Dessecador,C,28,7,5/29/25 9:30,"72,00","13,22","50,36","30,63","19,15",0,"29539,38822","447,5380432","14,65741544","14,61","17,61","9,13","3446,954141","1739,352641","2097,480832","5317,42006","1968,910433","1353,958148","5,31742006","1,968910433","1,353958148"
Controle Grupo C (Dessecador),Dessecador,C,28,8,5/29/25 16:30,"79,00","11,62","50,09","29,84","18,85",1,"28174,82356","412,424943",,,,,,,,,,,,,
Controle Grupo C (Dessecador),Dessecador,C,28,9,5/30/25 9:30,"96,00","11,56","50,08","29,85","18,85",1,"28178,6388","410,2398303",,,,,,,,,,,,,
Controle Grupo C (Dessecador),Dessecador,C,28,10,5/30/25 16:30,"103,00","11,56","50,02","29,95","18,86",1,"28254,14714","409,143477",,,,,,,,,,,,,
Controle Grupo C (Dessecador),Dessecador,C,28,11,6/2/25 9:30,"168,00","11,62","50,16","29,87","18,79",1,"28152,66617","412,7495396",,,,,,,,,,,,,
Controle Grupo C (Dessecador),Dessecador,C,28,12,6/2/25 16:30,"175,00","11,58","50,00","29,80","18,84",1,"28071,6","412,5165648",,,,,,,,,,,,,
Controle Grupo C (Dessecador),Dessecador,C,28,13,6/3/25 9:30,"192,00","11,53","50,01","29,87","18,85",1,"28158,1055","409,4735707",,,,,,,,,,,,,
Controle Grupo C (Dessecador),Dessecador,C,29,1,5/26/25 9:30,"0,00","13,08","49,68","30,10","19,28",0,"28830,69504","453,6831312",,,,,,,,,,,,,
Controle Grupo C (Dessecador),Dessecador,C,29,2,5/26/25 16:30,"7,00","13,17","49,75","30,26","19,33",0,"29100,05855","452,576409",,,,,,,,,,,,,
Controle Grupo C (Dessecador),Dessecador,C,29,3,5/27/25 9:30,"24,00","13,30","49,75","30,34","19,40",0,"29282,651","454,1938501",,,,,,,,,,,,,
Controle Grupo C (Dessecador),Dessecador,C,29,4,5/27/25 16:30,"31,00","13,31","49,79","30,44","19,34",0,"29311,85098","454,0825486",,,,,,,,,,,,,
Controle Grupo C (Dessecador),Dessecador,C,29,5,5/28/25 9:30,"48,00","13,37","49,86","30,35","19,37",0,"29311,67187","456,1322895",,,,,,,,,,,,,
Controle Grupo C (Dessecador),Dessecador,C,29,6,5/28/25 16:30,"55,00","13,36","49,65","30,21","19,33",0,"28993,57925","460,7916769",,,,,,,,,,,,,
Controle Grupo C (Dessecador),Dessecador,C,29,7,5/29/25 9:30,"72,00","13,40","49,72","30,29","19,37",0,"29171,58416","459,351125",,,,,,,,,,,,,
Controle Grupo C (Dessecador),Dessecador,C,29,8,5/29/25 16:30,"79,00","13,40","49,73","30,26","19,39",0,"29178,64982","459,2398922",,,,,,,,,,,,,
Controle Grupo C (Dessecador),Dessecador,C,29,9,5/30/25 9:30,"96,00","13,00","49,73","30,28","19,37",0,"29167,81863","445,6966826","10,0762066","11,83","16,49","9,11","4203,719358","1836,264403","2126,234907","7876,020371","2014,938936","1502,829917","7,876020371","2,014938936","1,502829917"
Controle Grupo C (Dessecador),Dessecador,C,29,10,5/30/25 16:30,"103,00","11,91","49,62","29,86","19,12",1,"28329,20918","420,4141359",,,,,,,,,,,,,
Controle Grupo C (Dessecador),Dessecador,C,29,11,6/2/25 9:30,"168,00","11,84","49,56","29,55","19,02",1,"27854,75196","425,0621229",,,,,,,,,,,,,
Controle Grupo C (Dessecador),Dessecador,C,29,12,6/2/25 16:30,"175,00","11,83","49,75","29,75","19,02",1,"28150,78875","420,236893",,,,,,,,,,,,,
Controle Grupo C (Dessecador),Dessecador,C,29,13,6/3/25 9:30,"192,00","11,81","49,62","29,69","19,04",1,"28050,06691","421,0328637",,,,,,,,,,,,,
Controle Grupo C (Dessecador),Dessecador,C,30,1,5/26/25 9:30,"0,00","13,50","50,81","29,84","19,05",0,"28883,04612","467,4022243",,,,,,,,,,,,,
Controle Grupo C (Dessecador),Dessecador,C,30,2,5/26/25 16:30,"7,00","13,59","50,78","29,98","19,18",0,"29199,33279","465,4215936",,,,,,,,,,,,,
Controle Grupo C (Dessecador),Dessecador,C,30,3,5/27/25 9:30,"24,00","13,74","50,77","30,01","19,11",0,"29116,14315","471,9031614",,,,,,,,,,,,,
Controle Grupo C (Dessecador),Dessecador,C,30,4,5/27/25 16:30,"31,00","13,75","50,78","30,12","19,10",0,"29213,32776","470,6755804",,,,,,,,,,,,,
Controle Grupo C (Dessecador),Dessecador,C,30,5,5/28/25 9:30,"48,00","13,81","50,83","30,10","19,15",0,"29299,17445","471,3443385",,,,,,,,,,,,,
Controle Grupo C (Dessecador),Dessecador,C,30,6,5/28/25 16:30,"55,00","13,81","50,82","30,11","19,14",0,"29287,84043","471,5267428",,,,,,,,,,,,,
Controle Grupo C (Dessecador),Dessecador,C,30,7,5/29/25 9:30,"72,00","13,85","50,82","30,10","19,13",0,"29262,81666","473,296886","11,78369653","12,88","16,92","9,21","3945,652174","1778,959811","2077,090119","7368,366891","2041,946347","1497,841713","7,368366891","2,041946347","1,497841713"
Controle Grupo C (Dessecador),Dessecador,C,30,8,5/29/25 16:30,"79,00","12,43","50,78","29,41","18,79",1,"28061,73384","442,9519598",,,,,,,,,,,,,
Controle Grupo C (Dessecador),Dessecador,C,30,9,5/30/25 9:30,"96,00","12,35","50,92","29,38","18,77",1,"28080,47559","439,8073658",,,,,,,,,,,,,
Controle Grupo C (Dessecador),Dessecador,C,30,10,5/30/25 16:30,"103,00","12,35","50,71","29,40","18,87",1,"28132,79238","438,9894836",,,,,,,,,,,,,
Controle Grupo C (Dessecador),Dessecador,C,30,11,6/2/25 9:30,"168,00","12,40","50,68","29,27","18,75",1,"27813,8175","445,8215777",,,,,,,,,,,,,
Controle Grupo C (Dessecador),Dessecador,C,30,12,6/2/25 16:30,"175,00","12,39","50,67","29,36","18,71",1,"27834,32815","445,1337906",,,,,,,,,,,,,
Controle Grupo C (Dessecador),Dessecador,C,30,13,6/3/25 9:30,"192,00","12,39",,,,1,,,,,,,,,,,,,,,
Controle Grupo D (Dessecador),Dessecador,D,49,1,5/30/25 9:30,"0,00","13,53","50,23","30,17","17,86",0,"27065,74233","499,8939189",,,,,,,,,,,,,
Controle Grupo D (Dessecador),Dessecador,D,49,2,5/30/25 16:30,"7,00","13,54","50,39","30,20","17,88",0,"27209,39064","497,6223165",,,,,,,,,,,,,
Controle Grupo D (Dessecador),Dessecador,D,49,3,6/2/25 9:30,"72,00","14,86","50,49","31,08","18,02",0,"28277,51018","525,5059552",,,,,,,,,,,,,
Controle Grupo D (Dessecador),Dessecador,D,49,4,6/2/25 16:30,"79,00","14,79","50,59","31,00","18,00",0,"28229,22","523,9252094",,,,,,,,,,,,,
Controle Grupo D (Dessecador),Dessecador,D,49,5,6/3/25 9:30,"96,00","14,91","50,58","31,02","18,02",0,"28273,22863","527,3539925",,,,,,,,,,,,,
Controle Grupo D (Dessecador),Dessecador,D,49,6,6/3/25 16:30,"103,00","14,92","50,59","31,04","18,03",0,"28312,75421","526,970986",,,,,,,,,,,,,
Controle Grupo D (Dessecador),Dessecador,D,49,7,6/4/25 9:30,"120,00","14,96","50,60","31,06","18,05",0,"28368,0298","527,354212",,,,,,,,,,,,,
Controle Grupo D (Dessecador),Dessecador,D,49,8,6/4/25 16:30,"127,00","14,94","50,58","31,08","18,06",0,"28390,79678","526,2268655",,,,,,,,,,,,,
Controle Grupo D (Dessecador),Dessecador,D,49,9,6/5/25 9:30,"144,00","14,91","50,58","31,08","18,04",0,"28359,35626","525,7524136","10,81081081","10,17","20,95","10,03","4973,451327","1483,53222","1798,604187","13004,60062","1700,796978","1157,111582","13,00460062","1,700796978","1,157111582"
Controle Grupo D (Dessecador),Dessecador,D,49,10,6/5/25 16:30,"151,00","12,33","50,59","29,30","17,51",1,"25954,84537","475,0558065",,,,,,,,,,,,,
Controle Grupo D (Dessecador),Dessecador,D,49,11,6/6/25 9:30,"168,00","12,25","50,61","29,20","17,47",1,"25817,37564","474,4866469",,,,,,,,,,,,,
Controle Grupo D (Dessecador),Dessecador,D,49,12,6/6/25 16:30,"175,00","12,25","50,48","29,20","17,47",1,"25751,05952","475,7085816",,,,,,,,,,,,,
Controle Grupo D (Dessecador),Dessecador,D,49,13,6/9/25 9:30,"240,00","12,21","50,35","29,24","17,43",1,"25661,03862","475,8186206",,,,,,,,,,,,,
Controle Grupo D (Dessecador),Dessecador,D,50,1,5/30/25 9:30,"0,00","13,32","50,48","30,25","19,28",0,"29440,9456","452,4311203",,,,,,,,,,,,,
Controle Grupo D (Dessecador),Dessecador,D,50,2,5/30/25 16:30,"7,00","13,32","50,44","30,47","19,23",0,"29554,71776","450,6894671",,,,,,,,,,,,,
Controle Grupo D (Dessecador),Dessecador,D,50,3,6/2/25 9:30,"72,00","14,66","50,52","31,14","19,44",0,"30582,86803","479,353342",,,,,,,,,,,,,
Controle Grupo D (Dessecador),Dessecador,D,50,4,6/2/25 16:30,"79,00","14,65","50,49","31,05","19,46",0,"30507,72417","480,2062559",,,,,,,,,,,,,
Controle Grupo D (Dessecador),Dessecador,D,50,5,6/3/25 9:30,"96,00","14,70","50,52","31,07","19,48",0,"30576,90667","480,7549749",,,,,,,,,,,,,
Controle Grupo D (Dessecador),Dessecador,D,50,6,6/3/25 16:30,"103,00","14,69","50,53","31,09","19,48",0,"30602,6456","480,0238579",,,,,,,,,,,,,
Controle Grupo D (Dessecador),Dessecador,D,50,7,6/4/25 9:30,"120,00","14,74","50,55","31,11","19,48",0,"30634,45254","481,1576111",,,,,,,,,,,,,
Controle Grupo D (Dessecador),Dessecador,D,50,8,6/4/25 16:30,"127,00","14,73","50,57","31,12","19,46",0,"30624,94926","480,9803887",,,,,,,,,,,,,
Controle Grupo D (Dessecador),Dessecador,D,50,9,6/5/25 9:30,"144,00","14,71","50,59","31,13","19,47",0,"30662,65465","479,7366754","10,35625518","12,15","20,02","10,28","4163,786008","1554,945055","1893,968872","8317,249394","1720,872105","1159,933299","8,317249394","1,720872105","1,159933299"
Controle Grupo D (Dessecador),Dessecador,D,50,10,6/5/25 16:30,"151,00","12,17","50,62","29,56","18,75",1,"28056,135","433,7732193",,,,,,,,,,,,,
Controle Grupo D (Dessecador),Dessecador,D,50,11,6/6/25 9:30,"168,00","12,09","50,58","29,55","18,75",1,"28024,48125","431,4085207",,,,,,,,,,,,,
Controle Grupo D (Dessecador),Dessecador,D,50,12,6/6/25 16:30,"175,00","12,09","50,57","29,52","18,76",1,"28005,42326","431,7020988",,,,,,,,,,,,,
Controle Grupo D (Dessecador),Dessecador,D,50,13,6/9/25 9:30,"240,00","12,07","50,55","29,50","18,79",1,"28020,11775","430,76193",,,,,,,,,,,,,
Controle Grupo D (Dessecador),Dessecador,D,51,1,5/30/25 9:30,"0,00","14,47","50,23","30,31","18,36",0,"27952,57307","517,6625409",,,,,,,,,,,,,
Controle Grupo D (Dessecador),Dessecador,D,51,2,5/30/25 16:30,"7,00","14,47","50,19","30,32","18,34",0,"27909,09307","518,4690152",,,,,,,,,,,,,
Controle Grupo D (Dessecador),Dessecador,D,51,3,6/2/25 9:30,"72,00","15,62","50,19","31,07","18,45",0,"28770,99089","542,9079611",,,,,,,,,,,,,
Controle Grupo D (Dessecador),Dessecador,D,51,4,6/2/25 16:30,"79,00","15,63","50,16","31,08","18,46",0,"28778,63789","543,1111806",,,,,,,,,,,,,
Controle Grupo D (Dessecador),Dessecador,D,51,5,6/3/25 9:30,"96,00","15,77","50,15","31,13","18,48",0,"28850,41236","546,6126377",,,,,,,,,,,,,
Controle Grupo D (Dessecador),Dessecador,D,51,6,6/3/25 16:30,"103,00","15,81","50,18","31,13","18,50",0,"28898,9129","547,0794024",,,,,,,,,,,,,
Controle Grupo D (Dessecador),Dessecador,D,51,7,6/4/25 9:30,"120,00","15,92","50,20","31,19","18,52",0,"28997,46776","549,0134563",,,,,,,,,,,,,
Controle Grupo D (Dessecador),Dessecador,D,51,8,6/4/25 16:30,"127,00","15,89","50,22","31,20","18,53",0,"29033,98992","547,2895749",,,,,,,,,,,,,
Controle Grupo D (Dessecador),Dessecador,D,51,9,6/5/25 9:30,"144,00","15,89","50,21","31,22","18,55",0,"29078,16751","546,4580942","11,13671275","10,57","20,5","10,27","4750,236518","1522,926829","1806,231743","12330,68863","1782,804838","1267,403606","12,33068863","1,782804838","1,267403606"
Controle Grupo D (Dessecador),Dessecador,D,51,10,6/5/25 16:30,"151,00","13,18","50,42","29,40","17,92",1,"26563,67616","496,1662656",,,,,,,,,,,,,
Controle Grupo D (Dessecador),Dessecador,D,51,11,6/6/25 9:30,"168,00","13,03","50,42","29,26","17,70",1,"26112,61884","498,9924634",,,,,,,,,,,,,
Controle Grupo D (Dessecador),Dessecador,D,51,12,6/6/25 16:30,"175,00","13,06","50,39","29,28","17,83",1,"26306,72434","496,4510151",,,,,,,,,,,,,
Controle Grupo D (Dessecador),Dessecador,D,51,13,6/9/25 9:30,"240,00","13,02","50,30","29,24","17,71",1,"26047,37212","499,8584863",,,,,,,,,,,,,
Controle Grupo D (Dessecador),Dessecador,D,52,1,5/30/25 9:30,"0,00","12,10","50,25","30,19","18,02",0,"27337,19595","442,6203778",,,,,,,,,,,,,
Controle Grupo D (Dessecador),Dessecador,D,52,2,5/30/25 16:30,"7,00","12,13","50,24","30,19","18,05",0,"27377,25808","443,0684755",,,,,,,,,,,,,
Controle Grupo D (Dessecador),Dessecador,D,52,3,6/2/25 9:30,"72,00","13,08","50,44","30,69","18,04",0,"27925,98494","468,380973",,,,,,,,,,,,,
Controle Grupo D (Dessecador),Dessecador,D,52,4,6/2/25 16:30,"79,00","13,11","50,34","30,70","18,06",0,"27910,61028","469,7138425",,,,,,,,,,,,,
Controle Grupo D (Dessecador),Dessecador,D,52,5,6/3/25 9:30,"96,00","13,22","50,36","30,72","18,04",0,"27908,94797","473,6832078",,,,,,,,,,,,,
Controle Grupo D (Dessecador),Dessecador,D,52,6,6/3/25 16:30,"103,00","13,23","50,38","30,74","18,06",0,"27969,18247","473,0206188",,,,,,,,,,,,,
Controle Grupo D (Dessecador),Dessecador,D,52,7,6/4/25 9:30,"120,00","13,23","50,38","30,75","18,06",0,"27978,2811","472,8667909",,,,,,,,,,,,,
Controle Grupo D (Dessecador),Dessecador,D,52,8,6/4/25 16:30,"127,00","13,23","50,39","30,77","18,05",0,"27986,53042","472,7274086",,,,,,,,,,,,,
Controle Grupo D (Dessecador),Dessecador,D,52,9,6/5/25 9:30,"144,00","13,19","50,37","30,75","18,03",0,"27926,26133","472,3152823","10,80586081","11,52","20,28","9,69","4372,395833","1516,272189","1860,681115","9029,65051","1635,218897","1085,891258","9,02965051","1,635218897","1,085891258"
Controle Grupo D (Dessecador),Dessecador,D,52,10,6/5/25 16:30,"151,00","11,02","50,12","29,55","17,77",1,"26318,18742","418,7218452",,,,,,,,,,,,,
Controle Grupo D (Dessecador),Dessecador,D,52,11,6/6/25 9:30,"168,00","10,94","50,10","29,40","17,73",1,"26115,2262","418,9127031",,,,,,,,,,,,,
Controle Grupo D (Dessecador),Dessecador,D,52,12,6/6/25 16:30,"175,00","10,95","50,13","29,42","17,75",1,"26178,13665","418,2879838",,,,,,,,,,,,,
Controle Grupo D (Dessecador),Dessecador,D,52,13,6/9/25 9:30,"240,00","10,92","50,10","29,37","17,72",1,"26073,86364","418,8101982",,,,,,,,,,,,,
Controle Grupo D (Dessecador),Dessecador,D,53,1,5/30/25 9:30,"0,00","14,34","50,41","30,50","18,62",0,"28628,3431","500,9021986",,,,,,,,,,,,,
Controle Grupo D (Dessecador),Dessecador,D,53,2,5/30/25 16:30,"7,00","14,37","50,50","30,48","18,55",0,"28552,902","503,2763395",,,,,,,,,,,,,
Controle Grupo D (Dessecador),Dessecador,D,53,3,6/2/25 9:30,"72,00","15,48","50,46","31,02","18,55",0,"29035,74366","533,135992",,,,,,,,,,,,,
Controle Grupo D (Dessecador),Dessecador,D,53,4,6/2/25 16:30,"79,00","15,44","50,45","31,02","18,63",0,"29155,18617","529,5798802",,,,,,,,,,,,,
Controle Grupo D (Dessecador),Dessecador,D,53,5,6/3/25 9:30,"96,00","15,52","50,47","31,04","18,54",0,"29044,55635","534,3514224",,,,,,,,,,,,,
Controle Grupo D (Dessecador),Dessecador,D,53,6,6/3/25 16:30,"103,00","15,54","50,49","31,06","18,56",0,"29106,15206","533,9077445",,,,,,,,,,,,,
Controle Grupo D (Dessecador),Dessecador,D,53,7,6/4/25 9:30,"120,00","15,55","50,37","31,07","18,56",0,"29046,3239","535,3517385",,,,,,,,,,,,,
Controle Grupo D (Dessecador),Dessecador,D,53,8,6/4/25 16:30,"127,00","15,53","50,38","31,09","18,55",0,"29055,12841","534,5011655",,,,,,,,,,,,,
Controle Grupo D (Dessecador),Dessecador,D,53,9,6/5/25 9:30,"144,00","15,48","50,40","31,09","18,57",0,"29098,00152","531,9952983","12,20657277","11,22","20,19","10,36","4491,97861","1539,871223","1792,471042","10734,53294","1709,275591","1261,469052","10,73453294","1,709275591","1,261469052"
Controle Grupo D (Dessecador),Dessecador,D,53,10,6/5/25 16:30,"151,00","12,97","50,38","29,71","18,16",1,"27181,70277","477,1592167",,,,,,,,,,,,,
Controle Grupo D (Dessecador),Dessecador,D,53,11,6/6/25 9:30,"168,00","12,81","50,34","29,60","18,05",1,"26895,6552","476,2851065",,,,,,,,,,,,,
Controle Grupo D (Dessecador),Dessecador,D,53,12,6/6/25 16:30,"175,00","12,83","50,33","29,58","18,07",1,"26901,9185","476,9176593",,,,,,,,,,,,,
Controle Grupo D (Dessecador),Dessecador,D,53,13,6/9/25 9:30,"240,00","12,78","50,30","29,59","18,05",1,"26865,20485","475,7082654",,,,,,,,,,,,,
Controle Grupo D (Dessecador),Dessecador,D,54,1,5/30/25 9:30,"0,00","14,21","50,50","30,47","19,45",0,"29928,39575","474,7999231",,,,,,,,,,,,,
Controle Grupo D (Dessecador),Dessecador,D,54,2,5/30/25 16:30,"7,00","14,23","50,42","30,57","19,42",0,"29932,81115","475,3980483",,,,,,,,,,,,,
Controle Grupo D (Dessecador),Dessecador,D,54,3,6/2/25 9:30,"72,00","15,29","50,52","31,07","19,51",0,"30623,99636","499,2816685",,,,,,,,,,,,,
Controle Grupo D (Dessecador),Dessecador,D,54,4,6/2/25 16:30,"79,00","15,31","50,51","30,96","19,52",0,"30525,17299","501,5532591",,,,,,,,,,,,,
Controle Grupo D (Dessecador),Dessecador,D,54,5,6/3/25 9:30,"96,00","15,47","50,50","31,00","19,54",0,"30589,87","505,722973",,,,,,,,,,,,,
Controle Grupo D (Dessecador),Dessecador,D,54,6,6/3/25 16:30,"103,00","15,46","50,52","31,02","19,54",0,"30621,72802","504,870267",,,,,,,,,,,,,
Controle Grupo D (Dessecador),Dessecador,D,54,7,6/4/25 9:30,"120,00","15,51","50,51","31,07","19,54",0,"30665,01498","505,788111",,,,,,,,,,,,,
Controle Grupo D (Dessecador),Dessecador,D,54,8,6/4/25 16:30,"127,00","15,51","50,50","31,08","19,56",0,"30700,2024","505,2083956",,,,,,,,,,,,,
Controle Grupo D (Dessecador),Dessecador,D,54,9,6/5/25 9:30,"144,00","15,52","50,50","31,09","19,55",0,"30694,37975","505,630025","11,10242377","12,95","19,54","10,09","3899,6139","1591,095189","1937,561943","7689,110009","1898,209078","1280,044831","7,689110009","1,898209078","1,280044831"
Controle Grupo D (Dessecador),Dessecador,D,54,10,6/5/25 16:30,"151,00","12,97","50,50","29,72","19,05",1,"28591,383","453,6331803",,,,,,,,,,,,,
Controle Grupo D (Dessecador),Dessecador,D,54,11,6/6/25 9:30,"168,00","12,82","50,45","29,71","18,97",1,"28433,55442","450,8757439",,,,,,,,,,,,,
Controle Grupo D (Dessecador),Dessecador,D,54,12,6/6/25 16:30,"175,00","12,84","50,48","29,70","18,95",1,"28410,9012","451,9392014",,,,,,,,,,,,,
Controle Grupo D (Dessecador),Dessecador,D,54,13,6/9/25 9:30,"240,00","12,79","50,50","29,67","18,96",1,"28408,4316","450,2184485",,,,,,,,,,,,,
Controle Grupo D (Dessecador),Dessecador,D,55,1,5/30/25 9:30,"0,00","13,50","50,53","30,62","19,25",0,"29784,15055","453,2612061",,,,,,,,,,,,,
Controle Grupo D (Dessecador),Dessecador,D,55,2,5/30/25 16:30,"7,00","13,56","50,57","30,57","19,27",0,"29789,97282","455,1867194",,,,,,,,,,,,,
Controle Grupo D (Dessecador),Dessecador,D,55,3,6/2/25 9:30,"72,00","14,67","50,62","31,14","19,37",0,"30533,06272","480,4627736",,,,,,,,,,,,,
Controle Grupo D (Dessecador),Dessecador,D,55,4,6/2/25 16:30,"79,00","14,64","50,61","31,25","19,35",0,"30603,23438","478,3808084",,,,,,,,,,,,,
Controle Grupo D (Dessecador),Dessecador,D,55,5,6/3/25 9:30,"96,00","14,68","50,61","31,23","19,37",0,"30615,25931","479,49945",,,,,,,,,,,,,
Controle Grupo D (Dessecador),Dessecador,D,55,6,6/3/25 16:30,"103,00","14,67","50,63","31,21","19,38",0,"30623,54537","479,0431618",,,,,,,,,,,,,
Controle Grupo D (Dessecador),Dessecador,D,55,7,6/4/25 9:30,"120,00","14,72","50,64","31,20","19,37",0,"30603,98016","480,9831899",,,,,,,,,,,,,
Controle Grupo D (Dessecador),Dessecador,D,55,8,6/4/25 16:30,"127,00","14,72","50,62","31,22","19,37",0,"30611,50347","480,8649799",,,,,,,,,,,,,
Controle Grupo D (Dessecador),Dessecador,D,55,9,6/5/25 9:30,"144,00","14,64","50,62","31,22","19,37",0,"30611,50347","478,2515833","10,6557377","10,38",20,"10,27","4876,685934",1561,"1886,075949","11373,81058","1701,275981","1165,365676","11,37381058","1,701275981","1,165365676"
Controle Grupo D (Dessecador),Dessecador,D,55,10,6/5/25 16:30,"151,00","12,33","50,59","29,60","18,97",1,"28406,89208","434,0495949",,,,,,,,,,,,,
Controle Grupo D (Dessecador),Dessecador,D,55,11,6/6/25 9:30,"168,00","12,25","50,59","29,64","18,92",1,"28370,30539","431,7895007",,,,,,,,,,,,,
Controle Grupo D (Dessecador),Dessecador,D,55,12,6/6/25 16:30,"175,00","12,22","50,48","29,53","18,92",1,"28203,55965","433,2786412",,,,,,,,,,,,,
Controle Grupo D (Dessecador),Dessecador,D,55,13,6/9/25 9:30,"240,00","12,20","50,54","29,55","18,92",1,"28256,20644","431,7635499",,,,,,,,,,,,,
Controle Grupo D (Dessecador),Dessecador,D,56,1,5/30/25 9:30,"0,00","13,49","50,77","29,54","18,86",0,"28285,20579","476,9277657",,,,,,,,,,,,,
Controle Grupo D (Dessecador),Dessecador,D,56,2,5/30/25 16:30,"7,00","13,55","50,77","29,55","18,81",0,"28219,76834","480,1598595",,,,,,,,,,,,,
Controle Grupo D (Dessecador),Dessecador,D,56,3,6/2/25 9:30,"72,00","14,53","50,92","30,08","18,92",0,"28979,26451","501,3929872",,,,,,,,,,,,,
Controle Grupo D (Dessecador),Dessecador,D,56,4,6/2/25 16:30,"79,00","14,57","50,80","30,19","18,93",0,"29032,03236","501,8594571",,,,,,,,,,,,,
Controle Grupo D (Dessecador),Dessecador,D,56,5,6/3/25 9:30,"96,00","14,67","50,88","30,18","18,95",0,"29098,83168","504,1439519",,,,,,,,,,,,,
Controle Grupo D (Dessecador),Dessecador,D,56,6,6/3/25 16:30,"103,00","14,66","50,88","30,20","18,94",0,"29102,74944","503,7324748",,,,,,,,,,,,,
Controle Grupo D (Dessecador),Dessecador,D,56,7,6/4/25 9:30,"120,00","14,74","50,89","30,22","18,94",0,"29127,74645","506,046701",,,,,,,,,,,,,
Controle Grupo D (Dessecador),Dessecador,D,56,8,6/4/25 16:30,"127,00","14,72","50,90","30,22","18,93",0,"29118,08814","505,5276957",,,,,,,,,,,,,
Controle Grupo D (Dessecador),Dessecador,D,56,9,6/5/25 9:30,"144,00","14,73","50,92","30,21","18,95",0,"29150,65614","505,3059502","10,84634347","10,87","19,37","10,14","4684,452622","1559,628291","1868,836292","11088,48247","1764,805835","1229,126611","11,08848247","1,764805835","1,229126611"
Controle Grupo D (Dessecador),Dessecador,D,56,10,6/5/25 16:30,"151,00","12,31","50,88","28,63","18,36",1,"26744,90918","460,2745111",,,,,,,,,,,,,
Controle Grupo D (Dessecador),Dessecador,D,56,11,6/6/25 9:30,"168,00","12,18","50,94","28,59","18,29",1,"26637,09143","457,2571307",,,,,,,,,,,,,
Controle Grupo D (Dessecador),Dessecador,D,56,12,6/6/25 16:30,"175,00","12,20","50,89","28,51","18,26",1,"26492,95741","460,49974",,,,,,,,,,,,,
Controle Grupo D (Dessecador),Dessecador,D,56,13,6/9/25 9:30,"240,00","12,17","50,89","28,60","18,25",1,"26562,0355","458,172718",,,,,,,,,,,,,
Controle Grupo D (Dessecador),Dessecador,D,57,1,5/30/25 9:30,"0,00","13,29","50,09","30,33","19,33",0,"29366,7101","452,5532467",,,,,,,,,,,,,
Controle Grupo D (Dessecador),Dessecador,D,57,2,5/30/25 16:30,"7,00","13,35","50,12","30,33","19,27",0,"29293,09009","455,7388776",,,,,,,,,,,,,
Controle Grupo D (Dessecador),Dessecador,D,57,3,6/2/25 9:30,"72,00","14,38","50,24","30,94","19,37",0,"30109,22387","477,5945093",,,,,,,,,,,,,
Controle Grupo D (Dessecador),Dessecador,D,57,4,6/2/25 16:30,"79,00","14,40","50,45","30,91","19,46",0,"30346,10887","474,5254181",,,,,,,,,,,,,
Controle Grupo D (Dessecador),Dessecador,D,57,5,6/3/25 9:30,"96,00","14,54","50,20","30,94","19,46",0,"30225,03848","481,0581138",,,,,,,,,,,,,
Controle Grupo D (Dessecador),Dessecador,D,57,6,6/3/25 16:30,"103,00","14,53","50,25","30,96","19,47",0,"30290,2578","479,6921867",,,,,,,,,,,,,
Controle Grupo D (Dessecador),Dessecador,D,57,7,6/4/25 9:30,"120,00","14,59","50,26","30,98","19,46",0,"30300,28641","481,5136004",,,,,,,,,,,,,
Controle Grupo D (Dessecador),Dessecador,D,57,8,6/4/25 16:30,"127,00","14,59","50,25","30,99","19,44",0,"30272,8914","481,949339",,,,,,,,,,,,,
Controle Grupo D (Dessecador),Dessecador,D,57,9,6/5/25 9:30,"144,00","14,57","50,26","31,01","19,46",0,"30329,6282","480,3883485","11,39983236","13,16","18,44","9,7","3819,148936","1681,670282","2006,185567","7006,895738","1933,457672","1358,545425","7,006895738","1,933457672","1,358545425"
Controle Grupo D (Dessecador),Dessecador,D,57,10,6/5/25 16:30,"151,00","12,05","50,06","29,61","18,87",1,"27970,55944","430,8101175",,,,,,,,,,,,,
Controle Grupo D (Dessecador),Dessecador,D,57,11,6/6/25 9:30,"168,00","11,94","50,17","29,55","18,88",1,"27990,04368","426,5802561",,,,,,,,,,,,,
Controle Grupo D (Dessecador),Dessecador,D,57,12,6/6/25 16:30,"175,00","11,95","50,01","29,56","18,95",1,"28013,70162","426,5769716",,,,,,,,,,,,,
Controle Grupo D (Dessecador),Dessecador,D,57,13,6/9/25 9:30,"240,00","11,93","50,02","29,54","18,87",1,"27882,1384","427,8724906",,,,,,,,,,,,,
Controle Grupo D (Dessecador),Dessecador,D,58,1,5/30/25 9:30,"0,00","14,63","50,02","30,19","18,20",0,"27483,88916","532,3118542",,,,,,,,,,,,,
Controle Grupo D (Dessecador),Dessecador,D,58,2,5/30/25 16:30,"7,00","14,70","50,01","30,23","18,17",0,"27469,44779","535,1399894",,,,,,,,,,,,,
Controle Grupo D (Dessecador),Dessecador,D,58,3,6/2/25 9:30,"72,00","15,97","50,01","31,08","18,36",0,"28537,14629","559,6214786",,,,,,,,,,,,,
Controle Grupo D (Dessecador),Dessecador,D,58,4,6/2/25 16:30,"79,00","15,98","50,02","31,05","18,50",0,"28732,7385","556,1600054",,,,,,,,,,,,,
Controle Grupo D (Dessecador),Dessecador,D,58,5,6/3/25 9:30,"96,00","16,05","50,03","31,07","18,54",0,"28819,17113","556,9209442",,,,,,,,,,,,,
Controle Grupo D (Dessecador),Dessecador,D,58,6,6/3/25 16:30,"103,00","16,06","50,03","31,09","18,36",0,"28557,74437","562,3693451",,,,,,,,,,,,,
Controle Grupo D (Dessecador),Dessecador,D,58,7,6/4/25 9:30,"120,00","16,07","50,05","31,11","18,38",0,"28618,68009","561,5213542",,,,,,,,,,,,,
Controle Grupo D (Dessecador),Dessecador,D,58,8,6/4/25 16:30,"127,00","16,09","50,06","31,10","18,38",0,"28615,19708","562,2886313",,,,,,,,,,,,,
Controle Grupo D (Dessecador),Dessecador,D,58,9,6/5/25 9:30,"144,00","16,11","50,06","31,11","18,40",0,"28655,54544","562,1948475","11,5942029","10,11","21,08","10,2","4951,533136","1475,806452","1803,921569","13783,71359","1829,45682","1224,463011","13,78371359","1,82945682","1,224463011"
Controle Grupo D (Dessecador),Dessecador,D,58,10,6/5/25 16:30,"151,00","13,23","50,23","29,29","17,48",1,"25717,21752","514,4413462",,,,,,,,,,,,,
Controle Grupo D (Dessecador),Dessecador,D,58,11,6/6/25 9:30,"168,00","13,15","50,19","29,28","17,47",1,"25673,2691","512,2059036",,,,,,,,,,,,,
Controle Grupo D (Dessecador),Dessecador,D,58,12,6/6/25 16:30,"175,00","13,15","50,22","29,22","17,72",1,"26002,83125","505,7141615",,,,,,,,,,,,,
Controle Grupo D (Dessecador),Dessecador,D,58,13,6/9/25 9:30,"240,00","13,11","50,12","29,23","17,44",1,"25549,73254","513,1169173",,,,,,,,,,,,,
Controle Grupo D (Dessecador),Dessecador,D,59,1,5/30/25 9:30,"0,00","13,96","49,79","30,37","18,42",0,"27853,29277","501,1974748",,,,,,,,,,,,,
Controle Grupo D (Dessecador),Dessecador,D,59,2,5/30/25 16:30,"7,00","14,04","49,92","30,41","18,39",0,"27917,25581","502,9147598",,,,,,,,,,,,,
Controle Grupo D (Dessecador),Dessecador,D,59,3,6/2/25 9:30,"72,00","15,27","49,86","31,19","18,62",0,"28956,58391","527,3412102",,,,,,,,,,,,,
Controle Grupo D (Dessecador),Dessecador,D,59,4,6/2/25 16:30,"79,00","15,25","49,88","31,31","18,65",0,"29126,50322","523,5781269",,,,,,,,,,,,,
Controle Grupo D (Dessecador),Dessecador,D,59,5,6/3/25 9:30,"96,00","15,34","49,90","31,29","18,66",0,"29135,18286","526,5111969",,,,,,,,,,,,,
Controle Grupo D (Dessecador),Dessecador,D,59,6,6/3/25 16:30,"103,00","15,35","49,89","31,29","18,59",0,"29020,07008","528,9442775",,,,,,,,,,,,,
Controle Grupo D (Dessecador),Dessecador,D,59,7,6/4/25 9:30,"120,00","15,37","49,89","31,29","18,60",0,"29035,68066","529,3487065",,,,,,,,,,,,,
Controle Grupo D (Dessecador),Dessecador,D,59,8,6/4/25 16:30,"127,00","15,33","49,87","31,31","18,59",0,"29026,97812","528,1293814",,,,,,,,,,,,,
Controle Grupo D (Dessecador),Dessecador,D,59,9,6/5/25 9:30,"144,00","15,40","49,89","31,33","18,60",0,"29072,79882","529,7047627","10,18153118","9,97","20,98","10,26","5004,012036","1493,326978","1812,865497","13263,87954","1740,864803","1181,255109","13,26387954","1,740864803","1,181255109"
Controle Grupo D (Dessecador),Dessecador,D,59,10,6/5/25 16:30,"151,00","12,81","50,00","29,56","17,96",1,"26544,88","482,578938",,,,,,,,,,,,,
Controle Grupo D (Dessecador),Dessecador,D,59,11,6/6/25 9:30,"168,00","12,71","49,97","29,44","17,89",1,"26318,27955","482,9343033",,,,,,,,,,,,,
Controle Grupo D (Dessecador),Dessecador,D,59,12,6/6/25 16:30,"175,00","12,73","49,96","29,46","17,90",1,"26345,60664","483,1925176",,,,,,,,,,,,,
Controle Grupo D (Dessecador),Dessecador,D,59,13,6/9/25 9:30,"240,00","12,67","50,01","29,44","17,88",1,"26324,62387","481,2984247",,,,,,,,,,,,,
Controle Grupo D (Dessecador),Dessecador,D,60,1,5/30/25 9:30,"0,00","14,16","49,86","30,31","17,30",0,"26144,73918","541,6003542",,,,,,,,,,,,,
Controle Grupo D (Dessecador),Dessecador,D,60,2,5/30/25 16:30,"7,00","14,24","49,81","30,38","17,21",0,"26042,65044","546,7953438",,,,,,,,,,,,,
Controle Grupo D (Dessecador),Dessecador,D,60,3,6/2/25 9:30,"72,00","15,26","49,76","31,04","17,39",0,"26859,73146","568,1367301",,,,,,,,,,,,,
Controle Grupo D (Dessecador),Dessecador,D,60,4,6/2/25 16:30,"79,00","15,31","49,78","31,13","17,53",0,"27165,38904","563,5847871",,,,,,,,,,,,,
Controle Grupo D (Dessecador),Dessecador,D,60,5,6/3/25 9:30,"96,00","15,46","49,80","31,16","17,48",0,"27124,90464","569,9559208",,,,,,,,,,,,,
Controle Grupo D (Dessecador),Dessecador,D,60,6,6/3/25 16:30,"103,00","15,46","49,88","31,15","17,48",0,"27159,75976","569,2244753",,,,,,,,,,,,,
Controle Grupo D (Dessecador),Dessecador,D,60,7,6/4/25 9:30,"120,00","15,52","49,90","31,15","17,49",0,"27186,19365","570,8780052",,,,,,,,,,,,,
Controle Grupo D (Dessecador),Dessecador,D,60,8,6/4/25 16:30,"127,00","15,50","49,88","31,17","17,51",0,"27223,8406","569,3539067",,,,,,,,,,,,,
Controle Grupo D (Dessecador),Dessecador,D,60,9,6/5/25 9:30,"144,00","15,51","49,90","31,18","17,52",0,"27259,05264","568,985291","11,14599686","10,07","20,31","9,94","4955,31281","1535,204333","1762,575453","13971,50497","1767,650801","1341,014317","13,97150497","1,767650801","1,341014317"
Controle Grupo D (Dessecador),Dessecador,D,60,10,6/5/25 16:30,"151,00","12,87","49,91","29,38","16,90",1,"24781,41302","519,3408459",,,,,,,,,,,,,
Controle Grupo D (Dessecador),Dessecador,D,60,11,6/6/25 9:30,"168,00","12,77","49,92","29,29","16,75",1,"24491,1264","521,4133393",,,,,,,,,,,,,
Controle Grupo D (Dessecador),Dessecador,D,60,12,6/6/25 16:30,"175,00","12,79","49,98","29,28","16,82",1,"24614,63021","519,6096749",,,,,,,,,,,,,
Controle Grupo D (Dessecador),Dessecador,D,60,13,6/9/25 9:30,"240,00","12,74","49,91","29,26","16,71",1,"24402,72589","522,0728233",,,,,,,,,,,,,
Controle Grupo E (Dessecador),Dessecador,E,37,1,6/25/25 0:00,"0,00","15,22","50,48","30,27","19,25",0,"29414,5698","517,430651",,,,,,,,,,,,,
Controle Grupo E (Dessecador),Dessecador,E,37,2,6/26/25 0:00,"24,00","14,71","50,43","30,07","19,18",0,"29085,12932","505,7567336",,,,,,,,,,,,,
Controle Grupo E (Dessecador),Dessecador,E,37,3,6/27/25 0:00,"48,00","14,29","50,39","29,87","19,09",0,"28733,30014","497,3323611",,,,,,,,,,,,,
Controle Grupo E (Dessecador),Dessecador,E,37,4,6/28/25 0:00,"72,00","14,11","50,39","29,67","19,01",0,"28421,30541","496,4585474",,,,,,,,,,,,,
Controle Grupo E (Dessecador),Dessecador,E,37,5,6/29/25 0:00,"96,00","14,32","50,42","29,74","19,07",0,"28595,28956","500,7817799",,,,,,,,,,,,,
Controle Grupo E (Dessecador),Dessecador,E,37,6,6/30/25 0:00,"120,00","14,06","50,39","29,76","19,09",0,"28627,48618","491,1363825",,,,,,,,,,,,,
Controle Grupo E (Dessecador),Dessecador,E,37,7,7/1/25 0:00,"144,00","14,12","50,40","29,74","19,08",0,"28598,93568","493,7246672",,,,,,,,,,,,,
Controle Grupo E (Dessecador),Dessecador,E,37,8,7/2/25 0:00,"168,00","14,01","50,38","29,69","19,06",0,"28509,60873","491,4132681","11,99411332","11,76","17,59","8,33","4284,013605","1687,890847","2288,115246","9018,795949","2572,780101","1400,024367","9,018795949","2,572780101","1,400024367"
Controle Grupo E (Dessecador),Dessecador,E,37,9,7/3/25 0:00,"192,00","13,59","50,44","29,43","18,99",1,"28189,69031","482,0911422",,,,,,,,,,,,,
Controle Grupo E (Dessecador),Dessecador,E,37,10,7/4/25 0:00,"216,00","13,59","50,41","29,46","19,17",1,"28468,95676","477,3620654",,,,,,,,,,,,,
Controle Grupo E (Dessecador),Dessecador,E,37,11,7/5/25 0:00,"240,00","13,59","50,42","29,46","19,16",1,"28459,75051","477,516484",,,,,,,,,,,,,
Controle Grupo E (Dessecador),Dessecador,E,38,1,6/25/25 0:00,"0,00","12,18","50,23","30,18","18,66",0,"28287,46652","430,5793872",,,,,,,,,,,,,
Controle Grupo E (Dessecador),Dessecador,E,38,2,6/26/25 0:00,"24,00","11,76","50,21","30,01","18,57",0,"27981,315","420,2804622",,,,,,,,,,,,,
Controle Grupo E (Dessecador),Dessecador,E,38,3,6/27/25 0:00,"48,00","11,43","50,17","29,78","18,49",0,"27625,21747","413,7523989",,,,,,,,,,,,,
Controle Grupo E (Dessecador),Dessecador,E,38,4,6/28/25 0:00,"72,00","11,31","50,13","29,69","18,47",0,"27490,00366","411,4222806",,,,,,,,,,,,,
Controle Grupo E (Dessecador),Dessecador,E,38,5,6/29/25 0:00,"96,00","11,45","50,19","29,78","18,52",0,"27681,06986","413,6400817",,,,,,,,,,,,,
Controle Grupo E (Dessecador),Dessecador,E,38,6,6/30/25 0:00,"120,00","11,27","50,12","29,64","18,51",0,"27497,65637","409,8531107",,,,,,,,,,,,,
Controle Grupo E (Dessecador),Dessecador,E,38,7,7/1/25 0:00,"144,00","11,31","50,11","29,65","18,49",0,"27471,73014","411,6959487",,,,,,,,,,,,,
Controle Grupo E (Dessecador),Dessecador,E,38,8,7/2/25 0:00,"168,00","11,24","50,13","29,64","18,48",0,"27458,56714","409,3440107","10,52631579","10,68","18,65","9,58","4693,820225","1589,276139","1929,018789","9018,646082","1523,21552","1033,920549","9,018646082","1,52321552","1,033920549"
Controle Grupo E (Dessecador),Dessecador,E,38,9,7/3/25 0:00,"192,00","11,04","50,33","29,62","18,82",1,"28056,37797","393,4934157",,,,,,,,,,,,,
Controle Grupo E (Dessecador),Dessecador,E,38,10,7/4/25 0:00,"216,00","11,00","50,30","29,71","18,55",1,"27721,36115","396,8059123",,,,,,,,,,,,,
Controle Grupo E (Dessecador),Dessecador,E,38,11,7/5/25 0:00,"240,00","11,02","50,22","29,70","18,55",1,"27667,9557","398,2946958",,,,,,,,,,,,,
Controle Grupo E (Dessecador),Dessecador,E,39,1,6/25/25 0:00,"0,00","12,67","50,25","30,62","18,83",0,"28972,87365","437,3056036",,,,,,,,,,,,,
Controle Grupo E (Dessecador),Dessecador,E,39,2,6/26/25 0:00,"24,00","12,24","50,16","30,29","18,73",0,"28457,35807","430,117229",,,,,,,,,,,,,
Controle Grupo E (Dessecador),Dessecador,E,39,3,6/27/25 0:00,"48,00","11,88","50,13","30,06","18,63",0,"28073,69231","423,1719813",,,,,,,,,,,,,
Controle Grupo E (Dessecador),Dessecador,E,39,4,6/28/25 0:00,"72,00","11,76","50,13","30,02","18,62",0,"28021,28641","419,6809464",,,,,,,,,,,,,
Controle Grupo E (Dessecador),Dessecador,E,39,5,6/29/25 0:00,"96,00","11,92","50,20","30,06","18,65",0,"28143,0738","423,5500388",,,,,,,,,,,,,
Controle Grupo E (Dessecador),Dessecador,E,39,6,6/30/25 0:00,"120,00","11,68","50,11","29,94","18,63",0,"27950,46604","417,8821198",,,,,,,,,,,,,
Controle Grupo E (Dessecador),Dessecador,E,39,7,7/1/25 0:00,"144,00","11,73","50,17","29,96","18,63",0,"28002,62632","418,8892809",,,,,,,,,,,,,
Controle Grupo E (Dessecador),Dessecador,E,39,8,7/2/25 0:00,"168,00","11,66","50,15","29,94","18,61",0,"27942,74751","417,2818008","11,43359719","11,7","20,23","9,45","4286,324786","1479,980227","1969,312169","7666,54334","1618,298282","913,9896344","7,66654334","1,618298282","0,9139896344"
Controle Grupo E (Dessecador),Dessecador,E,39,9,7/3/25 0:00,"192,00","11,39","50,67","29,89","18,82",1,"28503,38497","399,6016618",,,,,,,,,,,,,
Controle Grupo E (Dessecador),Dessecador,E,39,10,7/4/25 0:00,"216,00","11,40","50,64","29,95","18,64",1,"28270,69152","403,2444693",,,,,,,,,,,,,
Controle Grupo E (Dessecador),Dessecador,E,39,11,7/5/25 0:00,"240,00","11,37","50,62","30,02","18,64",1,"28325,57514","401,4040296",,,,,,,,,,,,,
Controle Grupo E (Dessecador),Dessecador,E,40,1,6/25/25 0:00,"0,00","14,22","50,02","30,27","17,59",0,"26633,11399","533,921794",,,,,,,,,,,,,
Controle Grupo E (Dessecador),Dessecador,E,40,2,6/26/25 0:00,"24,00","13,75","49,99","29,95","17,36",0,"25991,40068","529,0211239",,,,,,,,,,,,,
Controle Grupo E (Dessecador),Dessecador,E,40,3,6/27/25 0:00,"48,00","13,35","49,95","29,63","17,28",0,"25574,71968","521,9998564",,,,,,,,,,,,,
Controle Grupo E (Dessecador),Dessecador,E,40,4,6/28/25 0:00,"72,00","13,23","49,96","29,54","17,20",0,"25384,07648","521,1928829",,,,,,,,,,,,,
Controle Grupo E (Dessecador),Dessecador,E,40,5,6/29/25 0:00,"96,00","13,39","49,98","29,60","17,25",0,"25519,788","524,6908791",,,,,,,,,,,,,
Controle Grupo E (Dessecador),Dessecador,E,40,6,6/30/25 0:00,"120,00","13,13","49,95","29,47","17,20",0,"25318,8558","518,5858359",,,,,,,,,,,,,
Controle Grupo E (Dessecador),Dessecador,E,40,7,7/1/25 0:00,"144,00","13,18","49,95","29,49","17,18",0,"25306,57809","520,8132033",,,,,,,,,,,,,
Controle Grupo E (Dessecador),Dessecador,E,40,8,7/2/25 0:00,"168,00","13,11","49,97","29,47","17,16",0,"25270,08884","518,7951685","10,92043682","10,01","17,14","9,04","4992,007992","1719,369895","1898,230088","12928,4502","1869,362942","1533,679312","12,9284502","1,869362942","1,533679312"
Controle Grupo E (Dessecador),Dessecador,E,40,9,7/3/25 0:00,"192,00","12,85","50,31","29,50","17,15",1,"25453,08675","504,8503597",,,,,,,,,,,,,
Controle Grupo E (Dessecador),Dessecador,E,40,10,7/4/25 0:00,"216,00","12,83","50,34","29,38","17,27",1,"25542,14348","502,3070992",,,,,,,,,,,,,
Controle Grupo E (Dessecador),Dessecador,E,40,11,7/5/25 0:00,"240,00","12,82","50,23","29,45","17,17",1,"25399,126","504,7417774",,,,,,,,,,,,,
Controle Grupo E (Dessecador),Dessecador,E,41,1,6/25/25 0:00,"0,00","12,50","49,97","30,37","19,09",0,"28970,7721","431,4693428",,,,,,,,,,,,,
Controle Grupo E (Dessecador),Dessecador,E,41,2,6/26/25 0:00,"24,00","12,04","49,90","30,14","18,98",0,"28545,65428","421,7804883",,,,,,,,,,,,,
Controle Grupo E (Dessecador),Dessecador,E,41,3,6/27/25 0:00,"48,00","11,73","49,84","29,89","18,87",0,"28110,97111","417,2748054",,,,,,,,,,,,,
Controle Grupo E (Dessecador),Dessecador,E,41,4,6/28/25 0:00,"72,00","11,59","49,83","29,80","18,86",0,"28005,85524","413,8420306",,,,,,,,,,,,,
Controle Grupo E (Dessecador),Dessecador,E,41,5,6/29/25 0:00,"96,00","11,72","49,84","29,83","18,86",0,"28039,67499","417,9791671",,,,,,,,,,,,,
Controle Grupo E (Dessecador),Dessecador,E,41,6,6/30/25 0:00,"120,00","11,52","49,86","29,78","18,84",0,"27974,21227","411,8078425",,,,,,,,,,,,,
Controle Grupo E (Dessecador),Dessecador,E,41,7,7/1/25 0:00,"144,00","11,57","49,86","29,77","18,86",0,"27994,50529","413,2953906",,,,,,,,,,,,,
Controle Grupo E (Dessecador),Dessecador,E,41,8,7/2/25 0:00,"168,00","11,49","49,88","29,79","18,84",0,"27994,83077","410,4329151","10,81560284","12,51","16,07","8,14","3987,210232","1853,764779","2314,496314","6524,999045","2198,645288","1410,429669","6,524999045","2,198645288","1,410429669"
Controle Grupo E (Dessecador),Dessecador,E,41,9,7/3/25 0:00,"192,00","11,31","50,03","29,84","18,92",1,"28245,57718","400,4166715",,,,,,,,,,,,,
Controle Grupo E (Dessecador),Dessecador,E,41,10,7/4/25 0:00,"216,00","11,28","50,04","29,98","18,98",1,"28473,78082","396,153924",,,,,,,,,,,,,
Controle Grupo E (Dessecador),Dessecador,E,41,11,7/5/25 0:00,"240,00","11,28","50,00","30,07","18,92",1,"28446,22","396,5377474",,,,,,,,,,,,,
Controle Grupo E (Dessecador),Dessecador,E,42,1,6/25/25 0:00,"0,00","15,07","49,25","30,19","17,58",0,"26138,95485","576,5341455",,,,,,,,,,,,,
Controle Grupo E (Dessecador),Dessecador,E,42,2,6/26/25 0:00,"24,00","14,60","49,22","29,92","17,53",0,"25815,77187","565,5457475",,,,,,,,,,,,,
Controle Grupo E (Dessecador),Dessecador,E,42,3,6/27/25 0:00,"48,00","14,18","49,21","29,55","17,49",0,"25433,1797","557,5394099",,,,,,,,,,,,,
Controle Grupo E (Dessecador),Dessecador,E,42,4,6/28/25 0:00,"72,00","14,05","49,25","29,45","17,35",0,"25164,65688","558,3227329",,,,,,,,,,,,,
Controle Grupo E (Dessecador),Dessecador,E,42,5,6/29/25 0:00,"96,00","14,24","49,23","29,51","17,34",0,"25191,15838","565,2776972",,,,,,,,,,,,,
Controle Grupo E (Dessecador),Dessecador,E,42,6,6/30/25 0:00,"120,00","13,93","49,21","29,42","17,26",0,"24988,30653","557,460746",,,,,,,,,,,,,
Controle Grupo E (Dessecador),Dessecador,E,42,7,7/1/25 0:00,"144,00","13,98","49,23","29,40","17,27",0,"24995,94174","559,2907899",,,,,,,,,,,,,
Controle Grupo E (Dessecador),Dessecador,E,42,8,7/2/25 0:00,"168,00","13,89","49,21","29,38","17,25",0,"24939,87405","556,9394606","11,05379514","10,38","16,9","7,74","4740,847784","1738,461538","2228,682171","12517,56954","2766,331788","1683,209461","12,51756954","2,766331788","1,683209461"
Controle Grupo E (Dessecador),Dessecador,E,42,9,7/3/25 0:00,"192,00","13,61","49,36","29,31","17,29",1,"25014,16226","544,0917771",,,,,,,,,,,,,
Controle Grupo E (Dessecador),Dessecador,E,42,10,7/4/25 0:00,"216,00","13,56","49,35","29,30","17,35",1,"25087,31925","540,5121155",,,,,,,,,,,,,
Controle Grupo E (Dessecador),Dessecador,E,42,11,7/5/25 0:00,"240,00","13,57","49,32","29,25","17,33",1,"25000,4313","542,7906358",,,,,,,,,,,,,
Controle Grupo E (Dessecador),Dessecador,E,43,1,6/25/25 0:00,"0,00","13,58","50,60","30,02","19,02",0,"28891,60824","470,0326783",,,,,,,,,,,,,
Controle Grupo E (Dessecador),Dessecador,E,43,2,6/26/25 0:00,"24,00","13,13","50,49","29,81","18,92",0,"28476,62255","461,0799605",,,,,,,,,,,,,
Controle Grupo E (Dessecador),Dessecador,E,43,3,6/27/25 0:00,"48,00","12,78","50,49","29,57","18,81",0,"28083,12873","455,0774994",,,,,,,,,,,,,
Controle Grupo E (Dessecador),Dessecador,E,43,4,6/28/25 0:00,"72,00","12,68","50,47","29,46","18,80",0,"27952,70856","453,6233035",,,,,,,,,,,,,
Controle Grupo E (Dessecador),Dessecador,E,43,5,6/29/25 0:00,"96,00","12,80","50,50","29,53","18,81",0,"28050,69465","456,3166852",,,,,,,,,,,,,
Controle Grupo E (Dessecador),Dessecador,E,43,6,6/30/25 0:00,"120,00","12,56","50,49","29,50","18,76",0,"27942,1758","449,4997129",,,,,,,,,,,,,
Controle Grupo E (Dessecador),Dessecador,E,43,7,7/1/25 0:00,"144,00","12,63","50,49","29,47","18,77",0,"27928,63943","452,2239628",,,,,,,,,,,,,
Controle Grupo E (Dessecador),Dessecador,E,43,8,7/2/25 0:00,"168,00","12,54","50,48","29,48","18,75",0,"27902,82","449,4169407","8,988764045","12,32","16,18","8,87","4097,402597","1822,002472","2113,866967","7545,129807","2008,189738","1491,926276","7,545129807","2,008189738","1,491926276"
Controle Grupo E (Dessecador),Dessecador,E,43,9,7/3/25 0:00,"192,00","12,50","50,77","29,85","19,12",1,"28976,06364","431,3905489",,,,,,,,,,,,,
Controle Grupo E (Dessecador),Dessecador,E,43,10,7/4/25 0:00,"216,00","12,47","50,71","29,78","19,22",1,"29024,96384","429,6301649",,,,,,,,,,,,,
Controle Grupo E (Dessecador),Dessecador,E,43,11,7/5/25 0:00,"240,00","12,46","50,80","29,80","19,25",1,"29141,42","427,5701047",,,,,,,,,,,,,
Controle Grupo E (Dessecador),Dessecador,E,44,1,6/25/25 0:00,"0,00","13,70","50,14","30,30","19,22",0,"29199,83124","469,1807938",,,,,,,,,,,,,
Controle Grupo E (Dessecador),Dessecador,E,44,2,6/26/25 0:00,"24,00","13,22","50,10","30,08","19,17",0,"28889,34336","457,6081857",,,,,,,,,,,,,
Controle Grupo E (Dessecador),Dessecador,E,44,3,6/27/25 0:00,"48,00","12,84","50,07","29,81","19,04",0,"28418,85077","451,8127811",,,,,,,,,,,,,
Controle Grupo E (Dessecador),Dessecador,E,44,4,6/28/25 0:00,"72,00","12,72","49,96","29,72","18,99",0,"28196,56469","451,1187849",,,,,,,,,,,,,
Controle Grupo E (Dessecador),Dessecador,E,44,5,6/29/25 0:00,"96,00","12,88","50,05","29,79","19,03",0,"28373,53019","453,944219",,,,,,,,,,,,,
Controle Grupo E (Dessecador),Dessecador,E,44,6,6/30/25 0:00,"120,00","12,64","50,00","29,69","18,97",0,"28160,965","448,848255",,,,,,,,,,,,,
Controle Grupo E (Dessecador),Dessecador,E,44,7,7/1/25 0:00,"144,00","12,71","49,99","29,72","18,95",0,"28154,06806","451,4445292",,,,,,,,,,,,,
Controle Grupo E (Dessecador),Dessecador,E,44,8,7/2/25 0:00,"168,00","12,60","49,98","29,70","18,96",0,"28144,33776","447,6921826","9,775641026","13,22","17,59","10,02","3780,635401","1688,459352","1892,215569","6398,955711","1602,952798","1276,323397","6,398955711","1,602952798","1,276323397"
Controle Grupo E (Dessecador),Dessecador,E,44,9,7/3/25 0:00,"192,00","12,50","50,42","29,68","19,21",1,"28747,10418","434,8264063",,,,,,,,,,,,,
Controle Grupo E (Dessecador),Dessecador,E,44,10,7/4/25 0:00,"216,00","12,52","50,27","29,70","19,23",1,"28710,75537","436,0735146",,,,,,,,,,,,,
Controle Grupo E (Dessecador),Dessecador,E,44,11,7/5/25 0:00,"240,00","12,48","50,24","29,69","19,31",1,"28803,29034","433,2838316",,,,,,,,,,,,,
Controle Grupo E (Dessecador),Dessecador,E,45,1,6/25/25 0:00,"0,00","13,47","49,57","30,44","18,05",0,"27235,83994","494,568922",,,,,,,,,,,,,
Controle Grupo E (Dessecador),Dessecador,E,45,2,6/26/25 0:00,"24,00","13,06","49,66","30,14","18,08",0,"27061,28339","482,608301",,,,,,,,,,,,,
Controle Grupo E (Dessecador),Dessecador,E,45,3,6/27/25 0:00,"48,00","12,69","49,47","29,88","18,06",0,"26695,63462","475,3586188",,,,,,,,,,,,,
Controle Grupo E (Dessecador),Dessecador,E,45,4,6/28/25 0:00,"72,00","12,59","49,47","29,88","17,92",0,"26488,69171","475,2971622",,,,,,,,,,,,,
Controle Grupo E (Dessecador),Dessecador,E,45,5,6/29/25 0:00,"96,00","12,77","49,47","29,91","17,91",0,"26500,49031","481,8778767",,,,,,,,,,,,,
Controle Grupo E (Dessecador),Dessecador,E,45,6,6/30/25 0:00,"120,00","12,51","49,43","29,80","17,82",0,"26249,10948","476,5875966",,,,,,,,,,,,,
Controle Grupo E (Dessecador),Dessecador,E,45,7,7/1/25 0:00,"144,00","12,58","49,44","29,80","17,87",0,"26328,08544","477,8167417",,,,,,,,,,,,,
Controle Grupo E (Dessecador),Dessecador,E,45,8,7/2/25 0:00,"168,00","12,46","49,46","29,79","17,87",0,"26329,89746","473,2263018","10,68200493","9,43","16,88","8,9","5244,962884","1764,810427","2007,865169","13018,28315","1907,8225","1473,889743","13,01828315","1,9078225","1,473889743"
Controle Grupo E (Dessecador),Dessecador,E,45,9,7/3/25 0:00,"192,00","12,20","49,65","29,85","17,84",1,"26439,8166","461,4252884",,,,,,,,,,,,,
Controle Grupo E (Dessecador),Dessecador,E,45,10,7/4/25 0:00,"216,00","12,16","49,84","29,58","17,83",1,"26286,18418","462,6004261",,,,,,,,,,,,,
Controle Grupo E (Dessecador),Dessecador,E,45,11,7/5/25 0:00,"240,00","12,17","49,90","29,89","17,82",1,"26578,72602","457,8850014",,,,,,,,,,,,,
Controle Grupo E (Dessecador),Dessecador,E,46,1,6/25/25 0:00,"0,00","12,99","50,02","30,66","19,13",0,"29338,02052","442,7701587",,,,,,,,,,,,,
Controle Grupo E (Dessecador),Dessecador,E,46,2,6/26/25 0:00,"24,00","12,51","49,93","30,47","19,07",0,"29012,4706","431,1938881",,,,,,,,,,,,,
Controle Grupo E (Dessecador),Dessecador,E,46,3,6/27/25 0:00,"48,00","12,16","49,78","30,29","19,02",0,"28679,04452","424,0029681",,,,,,,,,,,,,
Controle Grupo E (Dessecador),Dessecador,E,46,4,6/28/25 0:00,"72,00","12,07","49,88","30,19","18,93",0,"28506,2554","423,4158374",,,,,,,,,,,,,
Controle Grupo E (Dessecador),Dessecador,E,46,5,6/29/25 0:00,"96,00","12,21","49,89","30,24","18,99",0,"28649,71166","426,1822996",,,,,,,,,,,,,
Controle Grupo E (Dessecador),Dessecador,E,46,6,6/30/25 0:00,"120,00","11,98","49,86","30,20","18,94",0,"28519,32168","420,0660918",,,,,,,,,,,,,
Controle Grupo E (Dessecador),Dessecador,E,46,7,7/1/25 0:00,"144,00","12,04","49,95","30,16","19,01",0,"28638,41292","420,4143586",,,,,,,,,,,,,
Controle Grupo E (Dessecador),Dessecador,E,46,8,7/2/25 0:00,"168,00","11,94","49,88","30,17","19,00",0,"28592,7124","417,5889238","11,02564103","13,74","16,24","8,98","3630,276565","1857,758621","2115,812918","5503,365982","1869,405428","1441,210911","5,503365982","1,869405428","1,441210911"
Controle Grupo E (Dessecador),Dessecador,E,46,9,7/3/25 0:00,"192,00","11,72","50,07","30,20","19,21",1,"29047,70994","403,4741473",,,,,,,,,,,,,
Controle Grupo E (Dessecador),Dessecador,E,46,10,7/4/25 0:00,"216,00","11,70","50,04","30,25","19,23",1,"29108,6433","401,9424705",,,,,,,,,,,,,
Controle Grupo E (Dessecador),Dessecador,E,46,11,7/5/25 0:00,"240,00","11,70","50,05","30,23","19,22",1,"29080,08103","402,3372558",,,,,,,,,,,,,
Controle Grupo E (Dessecador),Dessecador,E,47,1,6/25/25 0:00,"0,00","12,30","50,53","30,36","18,56",0,"28472,72525","431,9923679",,,,,,,,,,,,,
Controle Grupo E (Dessecador),Dessecador,E,47,2,6/26/25 0:00,"24,00","11,88","50,39","30,14","18,45",0,"28021,02237","423,9674",,,,,,,,,,,,,
Controle Grupo E (Dessecador),Dessecador,E,47,3,6/27/25 0:00,"48,00","11,55","50,42","29,86","18,39",0,"27686,90267","417,1647561",,,,,,,,,,,,,
Controle Grupo E (Dessecador),Dessecador,E,47,4,6/28/25 0:00,"72,00","11,47","50,36","29,84","18,37",0,"27605,37789","415,4987498",,,,,,,,,,,,,
Controle Grupo E (Dessecador),Dessecador,E,47,5,6/29/25 0:00,"96,00","11,61","50,35","29,87","18,41",0,"27687,80235","419,3182202",,,,,,,,,,,,,
Controle Grupo E (Dessecador),Dessecador,E,47,6,6/30/25 0:00,"120,00","11,38","50,32","29,79","18,36",0,"27522,24221","413,483753",,,,,,,,,,,,,
Controle Grupo E (Dessecador),Dessecador,E,47,7,7/1/25 0:00,"144,00","11,46","50,38","29,80","18,38",0,"27594,33512","415,3026319",,,,,,,,,,,,,
Controle Grupo E (Dessecador),Dessecador,E,47,8,7/2/25 0:00,"168,00","11,35","50,38","29,78","18,36",0,"27545,8091","412,0409009","8,179419525","11,26","18,44","9,14","4474,245115","1614,967462","2008,752735","8248,592964","1662,62111","1074,652075","8,248592964","1,66262111","1,074652075"
Controle Grupo E (Dessecador),Dessecador,E,47,9,7/3/25 0:00,"192,00","11,40","50,56","30,34","18,63",1,"28578,24115","398,904885",,,,,,,,,,,,,
Controle Grupo E (Dessecador),Dessecador,E,47,10,7/4/25 0:00,"216,00","11,37","50,55","30,20","18,60",1,"28394,946","400,4233711",,,,,,,,,,,,,
Controle Grupo E (Dessecador),Dessecador,E,47,11,7/5/25 0:00,"240,00","11,37","50,70","30,16","18,62",1,"28472,06544","399,3387843",,,,,,,,,,,,,
Controle Grupo E (Dessecador),Dessecador,E,48,1,6/25/25 0:00,"0,00","14,03","50,08","30,53","18,89",0,"28881,72194","485,7743604",,,,,,,,,,,,,
Controle Grupo E (Dessecador),Dessecador,E,48,2,6/26/25 0:00,"24,00","13,52","50,04","30,32","18,80",0,"28523,60064","473,9934544",,,,,,,,,,,,,
Controle Grupo E (Dessecador),Dessecador,E,48,3,6/27/25 0:00,"48,00","13,14","50,04","29,96","18,74",0,"28094,97802","467,6992448",,,,,,,,,,,,,
Controle Grupo E (Dessecador),Dessecador,E,48,4,6/28/25 0:00,"72,00","13,00","50,11","29,92","18,66",0,"27976,77379","464,6711625",,,,,,,,,,,,,
Controle Grupo E (Dessecador),Dessecador,E,48,5,6/29/25 0:00,"96,00","13,17","50,02","29,95","18,70",0,"28014,4513","470,1145084",,,,,,,,,,,,,
Controle Grupo E (Dessecador),Dessecador,E,48,6,6/30/25 0:00,"120,00","12,92","50,01","29,83","18,67",0,"27851,87426","463,8826055",,,,,,,,,,,,,
Controle Grupo E (Dessecador),Dessecador,E,48,7,7/1/25 0:00,"144,00","13,02","50,00","29,84","18,68",0,"27870,56","467,1596121",,,,,,,,,,,,,
Controle Grupo E (Dessecador),Dessecador,E,48,8,7/2/25 0:00,"168,00","12,90","49,99","29,85","18,66",0,"27844,47999","463,2875171","9,523809524","10,51","19,42","9,42","4756,422455","1537,07518","1980,89172","10481,21042","1817,908716","1094,563139","10,48121042","1,817908716","1,094563139"
Controle Grupo E (Dessecador),Dessecador,E,48,9,7/3/25 0:00,"192,00","12,84","50,32","29,81","18,70",1,"28050,73304","457,7420484",,,,,,,,,,,,,
Controle Grupo E (Dessecador),Dessecador,E,48,10,7/4/25 0:00,"216,00","12,81","50,41","29,82","18,76",1,"28200,52351","454,2468864",,,,,,,,,,,,,
Controle Grupo E (Dessecador),Dessecador,E,48,11,7/5/25 0:00,"240,00","12,81","50,34","29,83","18,71",1,"28095,72556","455,9412417",,,,,,,,,,,,,